44793,Rizal,0,0,0,0000-00-00 00:00:00,0000-00-00 00:00:00
44794,Angono,44793,0,0,0000-00-00 00:00:00,0000-00-00 00:00:00
44795,Bagumbayan  ,44794,0,0,0000-00-00 00:00:00,0000-00-00 00:00:00
44796,Kalayaan  ,44794,0,0,0000-00-00 00:00:00,0000-00-00 00:00:00
44797,Mahabang Parang,44794,0,0,0000-00-00 00:00:00,0000-00-00 00:00:00
44798,Poblacion Ibaba,44794,0,0,0000-00-00 00:00:00,0000-00-00 00:00:00
44799,Poblacion Itaas,44794,0,0,0000-00-00 00:00:00,0000-00-00 00:00:00
44800,San Isidro,44794,0,0,0000-00-00 00:00:00,0000-00-00 00:00:00
44801,San Pedro,44794,0,0,0000-00-00 00:00:00,0000-00-00 00:00:00
44802,San Roque,44794,0,0,0000-00-00 00:00:00,0000-00-00 00:00:00
44803,San Vicente,44794,0,0,0000-00-00 00:00:00,0000-00-00 00:00:00
44804,Santo Ni¤o,44794,0,0,0000-00-00 00:00:00,0000-00-00 00:00:00
44805,Antipolo,44793,0,0,0000-00-00 00:00:00,0000-00-00 00:00:00
44806,Bagong Nayon,44805,0,0,0000-00-00 00:00:00,0000-00-00 00:00:00
44807,Beverly Hills,44805,0,0,0000-00-00 00:00:00,0000-00-00 00:00:00
44808,Calawis ,44805,0,0,0000-00-00 00:00:00,0000-00-00 00:00:00
44809,Cupang ,44805,0,0,0000-00-00 00:00:00,0000-00-00 00:00:00
44810,Dalig  ,44805,0,0,0000-00-00 00:00:00,0000-00-00 00:00:00
44811,Dela Paz,44805,0,0,0000-00-00 00:00:00,0000-00-00 00:00:00
44812,Inarawan  ,44805,0,0,0000-00-00 00:00:00,0000-00-00 00:00:00
44813,Mambugan ,44805,0,0,0000-00-00 00:00:00,0000-00-00 00:00:00
44814,Mayamot  ,44805,0,0,0000-00-00 00:00:00,0000-00-00 00:00:00
44815,Muntingdilaw ,44805,0,0,0000-00-00 00:00:00,0000-00-00 00:00:00
44816,San Isidro,44805,0,0,0000-00-00 00:00:00,0000-00-00 00:00:00
44817,San Jose,44805,0,0,0000-00-00 00:00:00,0000-00-00 00:00:00
44818,San Juan,44805,0,0,0000-00-00 00:00:00,0000-00-00 00:00:00
44819,San Luis,44805,0,0,0000-00-00 00:00:00,0000-00-00 00:00:00
44820,San Roque,44805,0,0,0000-00-00 00:00:00,0000-00-00 00:00:00
44821,Santa Cruz,44805,0,0,0000-00-00 00:00:00,0000-00-00 00:00:00
44822,Baras,44793,0,0,0000-00-00 00:00:00,0000-00-00 00:00:00
44823,Concepcion ,44822,0,0,0000-00-00 00:00:00,0000-00-00 00:00:00
44824,Evangelista ,44823,0,0,0000-00-00 00:00:00,0000-00-00 00:00:00
44825,Mabini ,44824,0,0,0000-00-00 00:00:00,0000-00-00 00:00:00
44826,Pinugay ,44825,0,0,0000-00-00 00:00:00,0000-00-00 00:00:00
44827,Rizal (Pob.),44826,0,0,0000-00-00 00:00:00,0000-00-00 00:00:00
44828,San Jose,44827,0,0,0000-00-00 00:00:00,0000-00-00 00:00:00
44829,San Juan,44828,0,0,0000-00-00 00:00:00,0000-00-00 00:00:00
44830,San Miguel,44829,0,0,0000-00-00 00:00:00,0000-00-00 00:00:00
44831,San Salvador,44830,0,0,0000-00-00 00:00:00,0000-00-00 00:00:00
44832,Santiago ,44831,0,0,0000-00-00 00:00:00,0000-00-00 00:00:00
44833,Binangonan,44793,0,0,0000-00-00 00:00:00,0000-00-00 00:00:00
44834,Bangad ,44833,0,0,0000-00-00 00:00:00,0000-00-00 00:00:00
44835,Batingan ,44833,0,0,0000-00-00 00:00:00,0000-00-00 00:00:00
44836,Bilibiran ,44833,0,0,0000-00-00 00:00:00,0000-00-00 00:00:00
44837,Binitagan ,44833,0,0,0000-00-00 00:00:00,0000-00-00 00:00:00
44838,Bombong ,44833,0,0,0000-00-00 00:00:00,0000-00-00 00:00:00
44839,Buhangin ,44833,0,0,0000-00-00 00:00:00,0000-00-00 00:00:00
44840,Calumpang ,44833,0,0,0000-00-00 00:00:00,0000-00-00 00:00:00
44841,Ginoong Sanay,44833,0,0,0000-00-00 00:00:00,0000-00-00 00:00:00
44842,Gulod ,44833,0,0,0000-00-00 00:00:00,0000-00-00 00:00:00
44843,Habagatan ,44833,0,0,0000-00-00 00:00:00,0000-00-00 00:00:00
44844,Ithan ,44833,0,0,0000-00-00 00:00:00,0000-00-00 00:00:00
44845,Janosa ,44833,0,0,0000-00-00 00:00:00,0000-00-00 00:00:00
44846,Kalawaan ,44833,0,0,0000-00-00 00:00:00,0000-00-00 00:00:00
44847,Kalinawan ,44833,0,0,0000-00-00 00:00:00,0000-00-00 00:00:00
44848,Kasile ,44833,0,0,0000-00-00 00:00:00,0000-00-00 00:00:00
44849,Kaytome ,44833,0,0,0000-00-00 00:00:00,0000-00-00 00:00:00
44850,Kinaboogan ,44833,0,0,0000-00-00 00:00:00,0000-00-00 00:00:00
44851,Kinagatan ,44833,0,0,0000-00-00 00:00:00,0000-00-00 00:00:00
44852,Layunan (Pob.),44833,0,0,0000-00-00 00:00:00,0000-00-00 00:00:00
44853,Libid (Pob.),44833,0,0,0000-00-00 00:00:00,0000-00-00 00:00:00
44854,Libis (Pob.),44833,0,0,0000-00-00 00:00:00,0000-00-00 00:00:00
44855,Limbon-Limbon ,44833,0,0,0000-00-00 00:00:00,0000-00-00 00:00:00
44856,Lunsad ,44833,0,0,0000-00-00 00:00:00,0000-00-00 00:00:00
44857,Macamot ,44833,0,0,0000-00-00 00:00:00,0000-00-00 00:00:00
44858,Mahabang Parang,44833,0,0,0000-00-00 00:00:00,0000-00-00 00:00:00
44859,Malakaban ,44833,0,0,0000-00-00 00:00:00,0000-00-00 00:00:00
44860,Mambog ,44833,0,0,0000-00-00 00:00:00,0000-00-00 00:00:00
44861,Pag-Asa ,44833,0,0,0000-00-00 00:00:00,0000-00-00 00:00:00
44862,Palangoy ,44833,0,0,0000-00-00 00:00:00,0000-00-00 00:00:00
44863,Pantok ,44833,0,0,0000-00-00 00:00:00,0000-00-00 00:00:00
44864,Pila Pila,44833,0,0,0000-00-00 00:00:00,0000-00-00 00:00:00
44865,Pinagdilawan ,44833,0,0,0000-00-00 00:00:00,0000-00-00 00:00:00
44866,Pipindan ,44833,0,0,0000-00-00 00:00:00,0000-00-00 00:00:00
44867,Rayap-Talim ,44833,0,0,0000-00-00 00:00:00,0000-00-00 00:00:00
44868,San Carlos,44833,0,0,0000-00-00 00:00:00,0000-00-00 00:00:00
44869,Sapang ,44833,0,0,0000-00-00 00:00:00,0000-00-00 00:00:00
44870,Tabon ,44833,0,0,0000-00-00 00:00:00,0000-00-00 00:00:00
44871,Tagpos ,44833,0,0,0000-00-00 00:00:00,0000-00-00 00:00:00
44872,Tatala ,44833,0,0,0000-00-00 00:00:00,0000-00-00 00:00:00
44873,Tayuman ,44833,0,0,0000-00-00 00:00:00,0000-00-00 00:00:00
44874,Cainta,44793,0,0,0000-00-00 00:00:00,0000-00-00 00:00:00
44875,San Andres (Pob.),44874,0,0,0000-00-00 00:00:00,0000-00-00 00:00:00
44876,San Isidro ,44874,0,0,0000-00-00 00:00:00,0000-00-00 00:00:00
44877,San Juan ,44874,0,0,0000-00-00 00:00:00,0000-00-00 00:00:00
44878,San Roque ,44874,0,0,0000-00-00 00:00:00,0000-00-00 00:00:00
44879,Santa Rosa ,44874,0,0,0000-00-00 00:00:00,0000-00-00 00:00:00
44880,Santo Domingo ,44874,0,0,0000-00-00 00:00:00,0000-00-00 00:00:00
44881,Santo Ni¤o ,44874,0,0,0000-00-00 00:00:00,0000-00-00 00:00:00
44882,Cardona,44793,0,0,0000-00-00 00:00:00,0000-00-00 00:00:00
44883,Balibago  ,44882,0,0,0000-00-00 00:00:00,0000-00-00 00:00:00
44884,Boor  ,44882,0,0,0000-00-00 00:00:00,0000-00-00 00:00:00
44885,Calahan  ,44882,0,0,0000-00-00 00:00:00,0000-00-00 00:00:00
44886,Dalig  ,44882,0,0,0000-00-00 00:00:00,0000-00-00 00:00:00
44887,Del Remedio (Pob.),44882,0,0,0000-00-00 00:00:00,0000-00-00 00:00:00
44888,Iglesia (Pob.) ,44882,0,0,0000-00-00 00:00:00,0000-00-00 00:00:00
44889,Lambac  ,44882,0,0,0000-00-00 00:00:00,0000-00-00 00:00:00
44890,Looc  ,44882,0,0,0000-00-00 00:00:00,0000-00-00 00:00:00
44891,Malanggam-Calubacan  ,44882,0,0,0000-00-00 00:00:00,0000-00-00 00:00:00
44892,Nagsulo  ,44882,0,0,0000-00-00 00:00:00,0000-00-00 00:00:00
44893,Navotas  ,44882,0,0,0000-00-00 00:00:00,0000-00-00 00:00:00
44894,Patunhay  ,44882,0,0,0000-00-00 00:00:00,0000-00-00 00:00:00
44895,Real (Pob.) ,44882,0,0,0000-00-00 00:00:00,0000-00-00 00:00:00
44896,Sampad  ,44882,0,0,0000-00-00 00:00:00,0000-00-00 00:00:00
44897,San Roque (Pob.),44882,0,0,0000-00-00 00:00:00,0000-00-00 00:00:00
44898,Subay  ,44882,0,0,0000-00-00 00:00:00,0000-00-00 00:00:00
44899,Ticulio  ,44882,0,0,0000-00-00 00:00:00,0000-00-00 00:00:00
44900,Tuna  ,44882,0,0,0000-00-00 00:00:00,0000-00-00 00:00:00
44901,Jala-Jala,44793,0,0,0000-00-00 00:00:00,0000-00-00 00:00:00
44902,Bagumbong  ,44901,0,0,0000-00-00 00:00:00,0000-00-00 00:00:00
44903,Bayugo  ,44901,0,0,0000-00-00 00:00:00,0000-00-00 00:00:00
44904,Lubo  ,44901,0,0,0000-00-00 00:00:00,0000-00-00 00:00:00
44905,Paalaman  ,44901,0,0,0000-00-00 00:00:00,0000-00-00 00:00:00
44906,Pagkalinawan  ,44901,0,0,0000-00-00 00:00:00,0000-00-00 00:00:00
44907,Palaypalay  ,44901,0,0,0000-00-00 00:00:00,0000-00-00 00:00:00
44908,Punta  ,44901,0,0,0000-00-00 00:00:00,0000-00-00 00:00:00
44909,Second District (Pob.),44901,0,0,0000-00-00 00:00:00,0000-00-00 00:00:00
44910,Sipsipin  ,44901,0,0,0000-00-00 00:00:00,0000-00-00 00:00:00
44911,Special District (Pob.),44901,0,0,0000-00-00 00:00:00,0000-00-00 00:00:00
44912,Third District (Pob.),44901,0,0,0000-00-00 00:00:00,0000-00-00 00:00:00
44913,Morong,44793,0,0,0000-00-00 00:00:00,0000-00-00 00:00:00
44914,Bombongan   ,44913,0,0,0000-00-00 00:00:00,0000-00-00 00:00:00
44915,Calero-Lanang)   ,44913,0,0,0000-00-00 00:00:00,0000-00-00 00:00:00
44916,Can-Cal-Lan (Caniogan-  ,44913,0,0,0000-00-00 00:00:00,0000-00-00 00:00:00
44917,Lagundi   ,44913,0,0,0000-00-00 00:00:00,0000-00-00 00:00:00
44918,Maybancal   ,44913,0,0,0000-00-00 00:00:00,0000-00-00 00:00:00
44919,San Guillermo  ,44913,0,0,0000-00-00 00:00:00,0000-00-00 00:00:00
44920,San Jose (Pob.) ,44913,0,0,0000-00-00 00:00:00,0000-00-00 00:00:00
44921,San Juan (Pob.) ,44913,0,0,0000-00-00 00:00:00,0000-00-00 00:00:00
44922,San Pedro (Pob.) ,44913,0,0,0000-00-00 00:00:00,0000-00-00 00:00:00
44923,Pililla   ,44793,0,0,0000-00-00 00:00:00,0000-00-00 00:00:00
44924,Bagumbayan (Pob.)  ,44923,0,0,0000-00-00 00:00:00,0000-00-00 00:00:00
44925,Halayhayin   ,44923,0,0,0000-00-00 00:00:00,0000-00-00 00:00:00
44926,Hulo (Pob.)  ,44923,0,0,0000-00-00 00:00:00,0000-00-00 00:00:00
44927,Imatong (Pob.)  ,44923,0,0,0000-00-00 00:00:00,0000-00-00 00:00:00
44928,Malaya   ,44923,0,0,0000-00-00 00:00:00,0000-00-00 00:00:00
44929,Niogan   ,44923,0,0,0000-00-00 00:00:00,0000-00-00 00:00:00
44930,Quisao   ,44923,0,0,0000-00-00 00:00:00,0000-00-00 00:00:00
44931,Takungan (Pob.)  ,44923,0,0,0000-00-00 00:00:00,0000-00-00 00:00:00
44932,Wawa (Pob.)  ,44923,0,0,0000-00-00 00:00:00,0000-00-00 00:00:00
44933,Rodriguez (Montalban)  ,44793,0,0,0000-00-00 00:00:00,0000-00-00 00:00:00
44934,Balite (Pob.)  ,44933,0,0,0000-00-00 00:00:00,0000-00-00 00:00:00
44935,Burgos   ,44933,0,0,0000-00-00 00:00:00,0000-00-00 00:00:00
44936,Geronimo   ,44933,0,0,0000-00-00 00:00:00,0000-00-00 00:00:00
44937,Macabud   ,44933,0,0,0000-00-00 00:00:00,0000-00-00 00:00:00
44938,Manggahan   ,44933,0,0,0000-00-00 00:00:00,0000-00-00 00:00:00
44939,Mascap   ,44933,0,0,0000-00-00 00:00:00,0000-00-00 00:00:00
44940,Puray   ,44933,0,0,0000-00-00 00:00:00,0000-00-00 00:00:00
44941,Rosario   ,44933,0,0,0000-00-00 00:00:00,0000-00-00 00:00:00
44942,San Isidro  ,44933,0,0,0000-00-00 00:00:00,0000-00-00 00:00:00
44943,San Jose  ,44933,0,0,0000-00-00 00:00:00,0000-00-00 00:00:00
44944,San Rafael  ,44933,0,0,0000-00-00 00:00:00,0000-00-00 00:00:00
44945,San Mateo  ,44793,0,0,0000-00-00 00:00:00,0000-00-00 00:00:00
44946,Ampid I  ,44945,0,0,0000-00-00 00:00:00,0000-00-00 00:00:00
44947,Ampid Ii  ,44945,0,0,0000-00-00 00:00:00,0000-00-00 00:00:00
44948,Banaba   ,44945,0,0,0000-00-00 00:00:00,0000-00-00 00:00:00
44949,Cayabu   ,44945,0,0,0000-00-00 00:00:00,0000-00-00 00:00:00
44950,Cuyambay   ,44945,0,0,0000-00-00 00:00:00,0000-00-00 00:00:00
44951,Daraitan   ,44945,0,0,0000-00-00 00:00:00,0000-00-00 00:00:00
44952,Dulong   ,44945,0,0,0000-00-00 00:00:00,0000-00-00 00:00:00
44953,Dulong Bayan  ,44945,0,0,0000-00-00 00:00:00,0000-00-00 00:00:00
44954,Guinayang   ,44945,0,0,0000-00-00 00:00:00,0000-00-00 00:00:00
44955,Guitnang Bayan I (Pob.),44945,0,0,0000-00-00 00:00:00,0000-00-00 00:00:00
44956,Guitnang Bayan Ii (Pob.),44945,0,0,0000-00-00 00:00:00,0000-00-00 00:00:00
44957,Gulod Malaya  ,44945,0,0,0000-00-00 00:00:00,0000-00-00 00:00:00
44958,Katipunan-Bayan (Pob.)  ,44945,0,0,0000-00-00 00:00:00,0000-00-00 00:00:00
44959,Kaybuto (Pob.)  ,44945,0,0,0000-00-00 00:00:00,0000-00-00 00:00:00
44960,Laiban   ,44945,0,0,0000-00-00 00:00:00,0000-00-00 00:00:00
44961,Mag-Ampon (Pob.)  ,44945,0,0,0000-00-00 00:00:00,0000-00-00 00:00:00
44962,Malanday   ,44945,0,0,0000-00-00 00:00:00,0000-00-00 00:00:00
44963,Maly   ,44945,0,0,0000-00-00 00:00:00,0000-00-00 00:00:00
44964,Mamuyao   ,44945,0,0,0000-00-00 00:00:00,0000-00-00 00:00:00
44965,Pinagkamaligan (Pob.)  ,44945,0,0,0000-00-00 00:00:00,0000-00-00 00:00:00
44966,Pintong Bocawe  ,44945,0,0,0000-00-00 00:00:00,0000-00-00 00:00:00
44967,Plaza Aldea (Pob.) ,44945,0,0,0000-00-00 00:00:00,0000-00-00 00:00:00
44968,Sampaloc   ,44945,0,0,0000-00-00 00:00:00,0000-00-00 00:00:00
44969,San Andres  ,44945,0,0,0000-00-00 00:00:00,0000-00-00 00:00:00
44970,San Isidro (Pob.) ,44945,0,0,0000-00-00 00:00:00,0000-00-00 00:00:00
44971,Santa Ana  ,44945,0,0,0000-00-00 00:00:00,0000-00-00 00:00:00
44972,Santa Inez  ,44945,0,0,0000-00-00 00:00:00,0000-00-00 00:00:00
44973,Santo Ni¤o  ,44945,0,0,0000-00-00 00:00:00,0000-00-00 00:00:00
44974,Santo Ni¤o  ,44945,0,0,0000-00-00 00:00:00,0000-00-00 00:00:00
44975,Silangan   ,44945,0,0,0000-00-00 00:00:00,0000-00-00 00:00:00
44976,Tabing Ilog (Pob.) ,44945,0,0,0000-00-00 00:00:00,0000-00-00 00:00:00
44977,Tanay   ,44945,0,0,0000-00-00 00:00:00,0000-00-00 00:00:00
44978,Tandang Kutyo (Pob.) ,44945,0,0,0000-00-00 00:00:00,0000-00-00 00:00:00
44979,Tinucan   ,44945,0,0,0000-00-00 00:00:00,0000-00-00 00:00:00
44980,Wawa (Pob.)  ,44945,0,0,0000-00-00 00:00:00,0000-00-00 00:00:00
44981,Taytay   ,44793,0,0,0000-00-00 00:00:00,0000-00-00 00:00:00
44982,Bagumbayan   ,44981,0,0,0000-00-00 00:00:00,0000-00-00 00:00:00
44983,Calumpang Santo Cristo ,44981,0,0,0000-00-00 00:00:00,0000-00-00 00:00:00
44984,Dalig   ,44981,0,0,0000-00-00 00:00:00,0000-00-00 00:00:00
44985,Dolores (Pob.)  ,44981,0,0,0000-00-00 00:00:00,0000-00-00 00:00:00
44986,Dulumbayan   ,44981,0,0,0000-00-00 00:00:00,0000-00-00 00:00:00
44987,May-Iba   ,44981,0,0,0000-00-00 00:00:00,0000-00-00 00:00:00
44988,Muzon   ,44981,0,0,0000-00-00 00:00:00,0000-00-00 00:00:00
44989,Poblacion   ,44981,0,0,0000-00-00 00:00:00,0000-00-00 00:00:00
44990,Prinza   ,44981,0,0,0000-00-00 00:00:00,0000-00-00 00:00:00
44991,San Gabriel  ,44981,0,0,0000-00-00 00:00:00,0000-00-00 00:00:00
44992,San Isidro  ,44981,0,0,0000-00-00 00:00:00,0000-00-00 00:00:00
44993,San Juan  ,44981,0,0,0000-00-00 00:00:00,0000-00-00 00:00:00
44994,San Roque  ,44981,0,0,0000-00-00 00:00:00,0000-00-00 00:00:00
44995,Santa Ana  ,44981,0,0,0000-00-00 00:00:00,0000-00-00 00:00:00
44996,Teresa   ,44981,0,0,0000-00-00 00:00:00,0000-00-00 00:00:00
44997, Pampanga,0,0,0,0000-00-00 00:00:00,0000-00-00 00:00:00
44998, Apalit,44997,0,0,0000-00-00 00:00:00,0000-00-00 00:00:00
44999,Balucuc,44998,0,0,0000-00-00 00:00:00,0000-00-00 00:00:00
45000,Calantipe,44998,0,0,0000-00-00 00:00:00,0000-00-00 00:00:00
45001,Cansinala,44998,0,0,0000-00-00 00:00:00,0000-00-00 00:00:00
45002,Capalangan,44998,0,0,0000-00-00 00:00:00,0000-00-00 00:00:00
45003,Colgante,44998,0,0,0000-00-00 00:00:00,0000-00-00 00:00:00
45004,Paligui,44998,0,0,0000-00-00 00:00:00,0000-00-00 00:00:00
45005,Sampaloc,44998,0,0,0000-00-00 00:00:00,0000-00-00 00:00:00
45006,San Juan (Pob.),44998,0,0,0000-00-00 00:00:00,0000-00-00 00:00:00
45007,San Vicente,44998,0,0,0000-00-00 00:00:00,0000-00-00 00:00:00
45008,Sucad,44998,0,0,0000-00-00 00:00:00,0000-00-00 00:00:00
45009,Sulipan,44998,0,0,0000-00-00 00:00:00,0000-00-00 00:00:00
45010,Tabuyuc (Santo Rosario),44998,0,0,0000-00-00 00:00:00,0000-00-00 00:00:00
45011, Arayat,44997,0,0,0000-00-00 00:00:00,0000-00-00 00:00:00
45012,Arenas,45011,0,0,0000-00-00 00:00:00,0000-00-00 00:00:00
45013,Baliti,45011,0,0,0000-00-00 00:00:00,0000-00-00 00:00:00
45014,Batasan,45011,0,0,0000-00-00 00:00:00,0000-00-00 00:00:00
45015,Buensuceso,45011,0,0,0000-00-00 00:00:00,0000-00-00 00:00:00
45016,Candating,45011,0,0,0000-00-00 00:00:00,0000-00-00 00:00:00
45017,Cupang (Santa Lucia),45011,0,0,0000-00-00 00:00:00,0000-00-00 00:00:00
45018,Gatiawin,45011,0,0,0000-00-00 00:00:00,0000-00-00 00:00:00
45019,Guemasan,45011,0,0,0000-00-00 00:00:00,0000-00-00 00:00:00
45020,Kaledian (Camba),45011,0,0,0000-00-00 00:00:00,0000-00-00 00:00:00
45021,La Paz (Turu),45011,0,0,0000-00-00 00:00:00,0000-00-00 00:00:00
45022,Lacmit,45011,0,0,0000-00-00 00:00:00,0000-00-00 00:00:00
45023,Lacquios,45011,0,0,0000-00-00 00:00:00,0000-00-00 00:00:00
45024,Mangga-Cacutud,45011,0,0,0000-00-00 00:00:00,0000-00-00 00:00:00
45025,Mapalad,45011,0,0,0000-00-00 00:00:00,0000-00-00 00:00:00
45026,Matamo (Santa Lucia),45011,0,0,0000-00-00 00:00:00,0000-00-00 00:00:00
45027,Panlinlang,45011,0,0,0000-00-00 00:00:00,0000-00-00 00:00:00
45028,Paralaya,45011,0,0,0000-00-00 00:00:00,0000-00-00 00:00:00
45029,Plazang Luma,45011,0,0,0000-00-00 00:00:00,0000-00-00 00:00:00
45030,Poblacion,45011,0,0,0000-00-00 00:00:00,0000-00-00 00:00:00
45031,San Agustin Norte,45011,0,0,0000-00-00 00:00:00,0000-00-00 00:00:00
45032,San Agustin Sur,45011,0,0,0000-00-00 00:00:00,0000-00-00 00:00:00
45033,San Antonio,45011,0,0,0000-00-00 00:00:00,0000-00-00 00:00:00
45034,San Jose Mesulo,45011,0,0,0000-00-00 00:00:00,0000-00-00 00:00:00
45035,San Juan Bano,45011,0,0,0000-00-00 00:00:00,0000-00-00 00:00:00
45036,San Mateo,45011,0,0,0000-00-00 00:00:00,0000-00-00 00:00:00
45037,San Nicolas,45011,0,0,0000-00-00 00:00:00,0000-00-00 00:00:00
45038,San Roque Bitas,45011,0,0,0000-00-00 00:00:00,0000-00-00 00:00:00
45039,Santo Ni¤o Tabuan,45011,0,0,0000-00-00 00:00:00,0000-00-00 00:00:00
45040,Suclayin,45011,0,0,0000-00-00 00:00:00,0000-00-00 00:00:00
45041,Telapayong,45011,0,0,0000-00-00 00:00:00,0000-00-00 00:00:00
45042, Bacolor,44997,0,0,0000-00-00 00:00:00,0000-00-00 00:00:00
45043,Balas,45042,0,0,0000-00-00 00:00:00,0000-00-00 00:00:00
45044,Cabalantian,45042,0,0,0000-00-00 00:00:00,0000-00-00 00:00:00
45045,Cabambangan,45042,0,0,0000-00-00 00:00:00,0000-00-00 00:00:00
45046,Cabetican,45042,0,0,0000-00-00 00:00:00,0000-00-00 00:00:00
45047,Calibutbut,45042,0,0,0000-00-00 00:00:00,0000-00-00 00:00:00
45048,Concepcion,45042,0,0,0000-00-00 00:00:00,0000-00-00 00:00:00
45049,Dolores,45042,0,0,0000-00-00 00:00:00,0000-00-00 00:00:00
45050,Duat,45042,0,0,0000-00-00 00:00:00,0000-00-00 00:00:00
45051,Macabacle,45042,0,0,0000-00-00 00:00:00,0000-00-00 00:00:00
45052,Magliman,45042,0,0,0000-00-00 00:00:00,0000-00-00 00:00:00
45053,Maliwalu,45042,0,0,0000-00-00 00:00:00,0000-00-00 00:00:00
45054,Mesalipit,45042,0,0,0000-00-00 00:00:00,0000-00-00 00:00:00
45055,Parulog,45042,0,0,0000-00-00 00:00:00,0000-00-00 00:00:00
45056,Potrero,45042,0,0,0000-00-00 00:00:00,0000-00-00 00:00:00
45057,San Antonio,45042,0,0,0000-00-00 00:00:00,0000-00-00 00:00:00
45058,San Isidro,45042,0,0,0000-00-00 00:00:00,0000-00-00 00:00:00
45059,San Vicente,45042,0,0,0000-00-00 00:00:00,0000-00-00 00:00:00
45060,Santa Barbara,45042,0,0,0000-00-00 00:00:00,0000-00-00 00:00:00
45061,Santa Ines,45042,0,0,0000-00-00 00:00:00,0000-00-00 00:00:00
45062,Talba,45042,0,0,0000-00-00 00:00:00,0000-00-00 00:00:00
45063,Tinajero,45042,0,0,0000-00-00 00:00:00,0000-00-00 00:00:00
45064,Tinajero,45042,0,0,0000-00-00 00:00:00,0000-00-00 00:00:00
45065, Candaba,44997,0,0,0000-00-00 00:00:00,0000-00-00 00:00:00
45066,Bambang,45065,0,0,0000-00-00 00:00:00,0000-00-00 00:00:00
45067,Barangca,45065,0,0,0000-00-00 00:00:00,0000-00-00 00:00:00
45068,Barit,45065,0,0,0000-00-00 00:00:00,0000-00-00 00:00:00
45069,Buas (Pob.),45065,0,0,0000-00-00 00:00:00,0000-00-00 00:00:00
45070,Cuayang Bugtong,45065,0,0,0000-00-00 00:00:00,0000-00-00 00:00:00
45071,Dalayap,45065,0,0,0000-00-00 00:00:00,0000-00-00 00:00:00
45072,Dulong Ilog,45065,0,0,0000-00-00 00:00:00,0000-00-00 00:00:00
45073,Gulap,45065,0,0,0000-00-00 00:00:00,0000-00-00 00:00:00
45074,Lanang,45065,0,0,0000-00-00 00:00:00,0000-00-00 00:00:00
45075,Lourdes,45065,0,0,0000-00-00 00:00:00,0000-00-00 00:00:00
45076,Magumbali,45065,0,0,0000-00-00 00:00:00,0000-00-00 00:00:00
45077,Mandasig,45065,0,0,0000-00-00 00:00:00,0000-00-00 00:00:00
45078,Mandili,45065,0,0,0000-00-00 00:00:00,0000-00-00 00:00:00
45079,Mangga,45065,0,0,0000-00-00 00:00:00,0000-00-00 00:00:00
45080,Mapaniqui,45065,0,0,0000-00-00 00:00:00,0000-00-00 00:00:00
45081,Paligui,45065,0,0,0000-00-00 00:00:00,0000-00-00 00:00:00
45082,Pangclara,45065,0,0,0000-00-00 00:00:00,0000-00-00 00:00:00
45083,Pansinao,45065,0,0,0000-00-00 00:00:00,0000-00-00 00:00:00
45084,Paralaya (Pob.),45065,0,0,0000-00-00 00:00:00,0000-00-00 00:00:00
45085,Pasig,45065,0,0,0000-00-00 00:00:00,0000-00-00 00:00:00
45086,Pescadores (Pob.),45065,0,0,0000-00-00 00:00:00,0000-00-00 00:00:00
45087,Pulong Gubat,45065,0,0,0000-00-00 00:00:00,0000-00-00 00:00:00
45088,Pulong Palazan,45065,0,0,0000-00-00 00:00:00,0000-00-00 00:00:00
45089,Salapungan,45065,0,0,0000-00-00 00:00:00,0000-00-00 00:00:00
45090,San Agustin (Pob.),45065,0,0,0000-00-00 00:00:00,0000-00-00 00:00:00
45091,Santo Rosario,45065,0,0,0000-00-00 00:00:00,0000-00-00 00:00:00
45092,Tagulod,45065,0,0,0000-00-00 00:00:00,0000-00-00 00:00:00
45093,Talang,45065,0,0,0000-00-00 00:00:00,0000-00-00 00:00:00
45094,Tenejero,45065,0,0,0000-00-00 00:00:00,0000-00-00 00:00:00
45095,Vizal San Pablo,45065,0,0,0000-00-00 00:00:00,0000-00-00 00:00:00
45096,Vizal Santo Cristo,45065,0,0,0000-00-00 00:00:00,0000-00-00 00:00:00
45097,Vizal Santo Ni¤o,45065,0,0,0000-00-00 00:00:00,0000-00-00 00:00:00
45098, Floridablanca,44997,0,0,0000-00-00 00:00:00,0000-00-00 00:00:00
45099,Anon,45098,0,0,0000-00-00 00:00:00,0000-00-00 00:00:00
45100,Apalit,45098,0,0,0000-00-00 00:00:00,0000-00-00 00:00:00
45101,Basa Air Base,45098,0,0,0000-00-00 00:00:00,0000-00-00 00:00:00
45102,Benedicto,45098,0,0,0000-00-00 00:00:00,0000-00-00 00:00:00
45103,Bodega,45098,0,0,0000-00-00 00:00:00,0000-00-00 00:00:00
45104,Cabangcalan,45098,0,0,0000-00-00 00:00:00,0000-00-00 00:00:00
45105,Calantas,45098,0,0,0000-00-00 00:00:00,0000-00-00 00:00:00
45106,Carmencita,45098,0,0,0000-00-00 00:00:00,0000-00-00 00:00:00
45107,Consuelo,45098,0,0,0000-00-00 00:00:00,0000-00-00 00:00:00
45108,Dampe,45098,0,0,0000-00-00 00:00:00,0000-00-00 00:00:00
45109,Del Carmen,45098,0,0,0000-00-00 00:00:00,0000-00-00 00:00:00
45110,Fortuna,45098,0,0,0000-00-00 00:00:00,0000-00-00 00:00:00
45111,Gutad,45098,0,0,0000-00-00 00:00:00,0000-00-00 00:00:00
45112,Mabical,45098,0,0,0000-00-00 00:00:00,0000-00-00 00:00:00
45113,Maligaya,45098,0,0,0000-00-00 00:00:00,0000-00-00 00:00:00
45114,Mawacat,45098,0,0,0000-00-00 00:00:00,0000-00-00 00:00:00
45115,Nabuclod,45098,0,0,0000-00-00 00:00:00,0000-00-00 00:00:00
45116,Pabanlag,45098,0,0,0000-00-00 00:00:00,0000-00-00 00:00:00
45117,Paguiruan,45098,0,0,0000-00-00 00:00:00,0000-00-00 00:00:00
45118,Palmayo,45098,0,0,0000-00-00 00:00:00,0000-00-00 00:00:00
45119,Pandaguirig,45098,0,0,0000-00-00 00:00:00,0000-00-00 00:00:00
45120,Poblacion,45098,0,0,0000-00-00 00:00:00,0000-00-00 00:00:00
45121,San Antonio,45098,0,0,0000-00-00 00:00:00,0000-00-00 00:00:00
45122,San Isidro,45098,0,0,0000-00-00 00:00:00,0000-00-00 00:00:00
45123,San Jose,45098,0,0,0000-00-00 00:00:00,0000-00-00 00:00:00
45124,San Nicolas,45098,0,0,0000-00-00 00:00:00,0000-00-00 00:00:00
45125,San Pedro,45098,0,0,0000-00-00 00:00:00,0000-00-00 00:00:00
45126,San Ramon,45098,0,0,0000-00-00 00:00:00,0000-00-00 00:00:00
45127,San Roque,45098,0,0,0000-00-00 00:00:00,0000-00-00 00:00:00
45128,Santa Monica,45098,0,0,0000-00-00 00:00:00,0000-00-00 00:00:00
45129,Santo Rosario (Malabo),45098,0,0,0000-00-00 00:00:00,0000-00-00 00:00:00
45130,Solib,45098,0,0,0000-00-00 00:00:00,0000-00-00 00:00:00
45131,Valdez,45098,0,0,0000-00-00 00:00:00,0000-00-00 00:00:00
45132, Guagua,44997,0,0,0000-00-00 00:00:00,0000-00-00 00:00:00
45133,Ascomo,45132,0,0,0000-00-00 00:00:00,0000-00-00 00:00:00
45134,Bancal,45132,0,0,0000-00-00 00:00:00,0000-00-00 00:00:00
45135,Jose Abad Santos (Siran),45132,0,0,0000-00-00 00:00:00,0000-00-00 00:00:00
45136,Lambac,45132,0,0,0000-00-00 00:00:00,0000-00-00 00:00:00
45137,Magsaysay,45132,0,0,0000-00-00 00:00:00,0000-00-00 00:00:00
45138,Maquiapo,45132,0,0,0000-00-00 00:00:00,0000-00-00 00:00:00
45139,Natividad,45132,0,0,0000-00-00 00:00:00,0000-00-00 00:00:00
45140,Plaza Burgos (Pob.),45132,0,0,0000-00-00 00:00:00,0000-00-00 00:00:00
45141,Pulungmasle,45132,0,0,0000-00-00 00:00:00,0000-00-00 00:00:00
45142,Rizal,45132,0,0,0000-00-00 00:00:00,0000-00-00 00:00:00
45143,San Agustin,45132,0,0,0000-00-00 00:00:00,0000-00-00 00:00:00
45144,San Antonio,45132,0,0,0000-00-00 00:00:00,0000-00-00 00:00:00
45145,San Isidro,45132,0,0,0000-00-00 00:00:00,0000-00-00 00:00:00
45146,San Jose,45132,0,0,0000-00-00 00:00:00,0000-00-00 00:00:00
45147,San Juan Bautista,45132,0,0,0000-00-00 00:00:00,0000-00-00 00:00:00
45148,San Juan Nepomuceno,45132,0,0,0000-00-00 00:00:00,0000-00-00 00:00:00
45149,San Juan,45132,0,0,0000-00-00 00:00:00,0000-00-00 00:00:00
45150,San Matias,45132,0,0,0000-00-00 00:00:00,0000-00-00 00:00:00
45151,San Miguel (Betis),45132,0,0,0000-00-00 00:00:00,0000-00-00 00:00:00
45152,San Nicolas 1st,45132,0,0,0000-00-00 00:00:00,0000-00-00 00:00:00
45153,San Nicolas 2nd,45132,0,0,0000-00-00 00:00:00,0000-00-00 00:00:00
45154,San Pablo,45132,0,0,0000-00-00 00:00:00,0000-00-00 00:00:00
45155,San Pedro,45132,0,0,0000-00-00 00:00:00,0000-00-00 00:00:00
45156,San Rafael (Duck Island),45132,0,0,0000-00-00 00:00:00,0000-00-00 00:00:00
45157,San Roque,45132,0,0,0000-00-00 00:00:00,0000-00-00 00:00:00
45158,San Vicente (Ibus),45132,0,0,0000-00-00 00:00:00,0000-00-00 00:00:00
45159,Santa Filomena (Pob.),45132,0,0,0000-00-00 00:00:00,0000-00-00 00:00:00
45160,Santa Ines,45132,0,0,0000-00-00 00:00:00,0000-00-00 00:00:00
45161,Santa Ursula,45132,0,0,0000-00-00 00:00:00,0000-00-00 00:00:00
45162,Santo Cristo,45132,0,0,0000-00-00 00:00:00,0000-00-00 00:00:00
45163,Santo Ni¤o (Pob.),45132,0,0,0000-00-00 00:00:00,0000-00-00 00:00:00
45164, Lubao,44997,0,0,0000-00-00 00:00:00,0000-00-00 00:00:00
45165,Balantacan,45164,0,0,0000-00-00 00:00:00,0000-00-00 00:00:00
45166,Bancal Pugad,45164,0,0,0000-00-00 00:00:00,0000-00-00 00:00:00
45167,Bancal Sinubli,45164,0,0,0000-00-00 00:00:00,0000-00-00 00:00:00
45168,Baruya (San Rafael),45164,0,0,0000-00-00 00:00:00,0000-00-00 00:00:00
45169,Calangain,45164,0,0,0000-00-00 00:00:00,0000-00-00 00:00:00
45170,Concepcion,45164,0,0,0000-00-00 00:00:00,0000-00-00 00:00:00
45171,De La Paz,45164,0,0,0000-00-00 00:00:00,0000-00-00 00:00:00
45172,Del Carmen,45164,0,0,0000-00-00 00:00:00,0000-00-00 00:00:00
45173,Don Ignacio Dimson,45164,0,0,0000-00-00 00:00:00,0000-00-00 00:00:00
45174,Lourdes (Lauc Pau),45164,0,0,0000-00-00 00:00:00,0000-00-00 00:00:00
45175,Prado Siongco,45164,0,0,0000-00-00 00:00:00,0000-00-00 00:00:00
45176,Remedios,45164,0,0,0000-00-00 00:00:00,0000-00-00 00:00:00
45177,San Agustin,45164,0,0,0000-00-00 00:00:00,0000-00-00 00:00:00
45178,San Antonio,45164,0,0,0000-00-00 00:00:00,0000-00-00 00:00:00
45179,San Francisco,45164,0,0,0000-00-00 00:00:00,0000-00-00 00:00:00
45180,San Isidro,45164,0,0,0000-00-00 00:00:00,0000-00-00 00:00:00
45181,San Jose Apunan,45164,0,0,0000-00-00 00:00:00,0000-00-00 00:00:00
45182,San Jose Gumi,45164,0,0,0000-00-00 00:00:00,0000-00-00 00:00:00
45183,San Juan (Pob.),45164,0,0,0000-00-00 00:00:00,0000-00-00 00:00:00
45184,San Matias,45164,0,0,0000-00-00 00:00:00,0000-00-00 00:00:00
45185,San Miguel,45164,0,0,0000-00-00 00:00:00,0000-00-00 00:00:00
45186,San Nicolas 1st (Pob.),45164,0,0,0000-00-00 00:00:00,0000-00-00 00:00:00
45187,San Nicolas 2nd,45164,0,0,0000-00-00 00:00:00,0000-00-00 00:00:00
45188,San Pablo 1st,45164,0,0,0000-00-00 00:00:00,0000-00-00 00:00:00
45189,San Pablo 2nd,45164,0,0,0000-00-00 00:00:00,0000-00-00 00:00:00
45190,San Pedro Palcarangan,45164,0,0,0000-00-00 00:00:00,0000-00-00 00:00:00
45191,San Pedro Saug,45164,0,0,0000-00-00 00:00:00,0000-00-00 00:00:00
45192,San Roque Arbol,45164,0,0,0000-00-00 00:00:00,0000-00-00 00:00:00
45193,San Roque Dau,45164,0,0,0000-00-00 00:00:00,0000-00-00 00:00:00
45194,San Vicente,45164,0,0,0000-00-00 00:00:00,0000-00-00 00:00:00
45195,Santa Barbara,45164,0,0,0000-00-00 00:00:00,0000-00-00 00:00:00
45196,Santa Catalina,45164,0,0,0000-00-00 00:00:00,0000-00-00 00:00:00
45197,Santa Cruz,45164,0,0,0000-00-00 00:00:00,0000-00-00 00:00:00
45198,Santa Lucia (Pob.),45164,0,0,0000-00-00 00:00:00,0000-00-00 00:00:00
45199,Santa Maria,45164,0,0,0000-00-00 00:00:00,0000-00-00 00:00:00
45200,Santa Monica,45164,0,0,0000-00-00 00:00:00,0000-00-00 00:00:00
45201,Santa Rita,45164,0,0,0000-00-00 00:00:00,0000-00-00 00:00:00
45202,Santa Teresa 1st,45164,0,0,0000-00-00 00:00:00,0000-00-00 00:00:00
45203,Santa Teresa 2nd,45164,0,0,0000-00-00 00:00:00,0000-00-00 00:00:00
45204,Santiago,45164,0,0,0000-00-00 00:00:00,0000-00-00 00:00:00
45205,Santo Cristo,45164,0,0,0000-00-00 00:00:00,0000-00-00 00:00:00
45206,Santo Domingo,45164,0,0,0000-00-00 00:00:00,0000-00-00 00:00:00
45207,Santo Ni¤o (Prado Aruba),45164,0,0,0000-00-00 00:00:00,0000-00-00 00:00:00
45208,Santo Tomas (Pob.),45164,0,0,0000-00-00 00:00:00,0000-00-00 00:00:00
45209, Mabalacat,44997,0,0,0000-00-00 00:00:00,0000-00-00 00:00:00
45210,Atlu-Bola,45209,0,0,0000-00-00 00:00:00,0000-00-00 00:00:00
45211,Bical,45210,0,0,0000-00-00 00:00:00,0000-00-00 00:00:00
45212,Bundagul,45211,0,0,0000-00-00 00:00:00,0000-00-00 00:00:00
45213,Cacutud,45212,0,0,0000-00-00 00:00:00,0000-00-00 00:00:00
45214,Calumpang,45213,0,0,0000-00-00 00:00:00,0000-00-00 00:00:00
45215,Camachiles,45214,0,0,0000-00-00 00:00:00,0000-00-00 00:00:00
45216,Dapdap,45215,0,0,0000-00-00 00:00:00,0000-00-00 00:00:00
45217,Dau,45216,0,0,0000-00-00 00:00:00,0000-00-00 00:00:00
45218,Dolores,45217,0,0,0000-00-00 00:00:00,0000-00-00 00:00:00
45219,Duquit,45218,0,0,0000-00-00 00:00:00,0000-00-00 00:00:00
45220,Lakandula,45219,0,0,0000-00-00 00:00:00,0000-00-00 00:00:00
45221,Mabiga,45220,0,0,0000-00-00 00:00:00,0000-00-00 00:00:00
45222,Macapagal Village,45221,0,0,0000-00-00 00:00:00,0000-00-00 00:00:00
45223,Mamatitang,45222,0,0,0000-00-00 00:00:00,0000-00-00 00:00:00
45224,Mangalit,45223,0,0,0000-00-00 00:00:00,0000-00-00 00:00:00
45225,Marcos Village,45224,0,0,0000-00-00 00:00:00,0000-00-00 00:00:00
45226,Mawaque,45225,0,0,0000-00-00 00:00:00,0000-00-00 00:00:00
45227,Paralayunan,45226,0,0,0000-00-00 00:00:00,0000-00-00 00:00:00
45228,Poblacion,45227,0,0,0000-00-00 00:00:00,0000-00-00 00:00:00
45229,San Francisco,45228,0,0,0000-00-00 00:00:00,0000-00-00 00:00:00
45230,San Joaquin,45229,0,0,0000-00-00 00:00:00,0000-00-00 00:00:00
45231,Santa Ines,45230,0,0,0000-00-00 00:00:00,0000-00-00 00:00:00
45232,Santa Maria,45231,0,0,0000-00-00 00:00:00,0000-00-00 00:00:00
45233,Santo Rosario,45232,0,0,0000-00-00 00:00:00,0000-00-00 00:00:00
45234,Sapang Balen,45233,0,0,0000-00-00 00:00:00,0000-00-00 00:00:00
45235,Sapang Biabas,45234,0,0,0000-00-00 00:00:00,0000-00-00 00:00:00
45236,Tabun,45235,0,0,0000-00-00 00:00:00,0000-00-00 00:00:00
45237, Macabebe,44997,0,0,0000-00-00 00:00:00,0000-00-00 00:00:00
45238,Batasan,45237,0,0,0000-00-00 00:00:00,0000-00-00 00:00:00
45239,Caduang Tete,45237,0,0,0000-00-00 00:00:00,0000-00-00 00:00:00
45240,Candelaria,45237,0,0,0000-00-00 00:00:00,0000-00-00 00:00:00
45241,Castuli,45237,0,0,0000-00-00 00:00:00,0000-00-00 00:00:00
45242,Consuelo,45237,0,0,0000-00-00 00:00:00,0000-00-00 00:00:00
45243,Dalayap,45237,0,0,0000-00-00 00:00:00,0000-00-00 00:00:00
45244,Mataguiti,45237,0,0,0000-00-00 00:00:00,0000-00-00 00:00:00
45245,San Esteban,45237,0,0,0000-00-00 00:00:00,0000-00-00 00:00:00
45246,San Francisco,45237,0,0,0000-00-00 00:00:00,0000-00-00 00:00:00
45247,San Gabriel (Pob.),45237,0,0,0000-00-00 00:00:00,0000-00-00 00:00:00
45248,San Isidro,45237,0,0,0000-00-00 00:00:00,0000-00-00 00:00:00
45249,San Jose,45237,0,0,0000-00-00 00:00:00,0000-00-00 00:00:00
45250,San Juan,45237,0,0,0000-00-00 00:00:00,0000-00-00 00:00:00
45251,San Rafael,45237,0,0,0000-00-00 00:00:00,0000-00-00 00:00:00
45252,San Roque,45237,0,0,0000-00-00 00:00:00,0000-00-00 00:00:00
45253,San Vicente,45237,0,0,0000-00-00 00:00:00,0000-00-00 00:00:00
45254,Santa Cruz (Pob.),45237,0,0,0000-00-00 00:00:00,0000-00-00 00:00:00
45255,Santa Lutgarda,45237,0,0,0000-00-00 00:00:00,0000-00-00 00:00:00
45256,Santa Maria,45237,0,0,0000-00-00 00:00:00,0000-00-00 00:00:00
45257,Santa Rita (Pob.),45237,0,0,0000-00-00 00:00:00,0000-00-00 00:00:00
45258,Santo Ni¤o,45237,0,0,0000-00-00 00:00:00,0000-00-00 00:00:00
45259,Santo Rosario (Pob.),45237,0,0,0000-00-00 00:00:00,0000-00-00 00:00:00
45260,Saplad David,45237,0,0,0000-00-00 00:00:00,0000-00-00 00:00:00
45261,Tacasan,45237,0,0,0000-00-00 00:00:00,0000-00-00 00:00:00
45262,Telacsan,45237,0,0,0000-00-00 00:00:00,0000-00-00 00:00:00
45263, Magalang,44997,0,0,0000-00-00 00:00:00,0000-00-00 00:00:00
45264,Ayala,45263,0,0,0000-00-00 00:00:00,0000-00-00 00:00:00
45265,Bucanan,45263,0,0,0000-00-00 00:00:00,0000-00-00 00:00:00
45266,Camias,45263,0,0,0000-00-00 00:00:00,0000-00-00 00:00:00
45267,Dolores,45263,0,0,0000-00-00 00:00:00,0000-00-00 00:00:00
45268,Escaler,45263,0,0,0000-00-00 00:00:00,0000-00-00 00:00:00
45269,La Paz,45263,0,0,0000-00-00 00:00:00,0000-00-00 00:00:00
45270,Navaling,45263,0,0,0000-00-00 00:00:00,0000-00-00 00:00:00
45271,San Agustin,45263,0,0,0000-00-00 00:00:00,0000-00-00 00:00:00
45272,San Antonio,45263,0,0,0000-00-00 00:00:00,0000-00-00 00:00:00
45273,San Franciso,45263,0,0,0000-00-00 00:00:00,0000-00-00 00:00:00
45274,San Ildefonso,45263,0,0,0000-00-00 00:00:00,0000-00-00 00:00:00
45275,San Isidro,45263,0,0,0000-00-00 00:00:00,0000-00-00 00:00:00
45276,San Jose,45263,0,0,0000-00-00 00:00:00,0000-00-00 00:00:00
45277,San Miguel,45263,0,0,0000-00-00 00:00:00,0000-00-00 00:00:00
45278,San Nicolas 1st (Pob.),45263,0,0,0000-00-00 00:00:00,0000-00-00 00:00:00
45279,San Nicolas 2nd,45263,0,0,0000-00-00 00:00:00,0000-00-00 00:00:00
45280,San Pablo (Pob.),45263,0,0,0000-00-00 00:00:00,0000-00-00 00:00:00
45281,San Pedro I,45263,0,0,0000-00-00 00:00:00,0000-00-00 00:00:00
45282,San Pedro II,45263,0,0,0000-00-00 00:00:00,0000-00-00 00:00:00
45283,San Roque,45263,0,0,0000-00-00 00:00:00,0000-00-00 00:00:00
45284,San Vicente,45263,0,0,0000-00-00 00:00:00,0000-00-00 00:00:00
45285,Santa Cruz (Pob.),45263,0,0,0000-00-00 00:00:00,0000-00-00 00:00:00
45286,Santa Lucia,45263,0,0,0000-00-00 00:00:00,0000-00-00 00:00:00
45287,Santa Maria,45263,0,0,0000-00-00 00:00:00,0000-00-00 00:00:00
45288,Santo Ni¤o,45263,0,0,0000-00-00 00:00:00,0000-00-00 00:00:00
45289,Santo Rosario,45263,0,0,0000-00-00 00:00:00,0000-00-00 00:00:00
45290,Turu,45263,0,0,0000-00-00 00:00:00,0000-00-00 00:00:00
45291, Masantol,44997,0,0,0000-00-00 00:00:00,0000-00-00 00:00:00
45292,Alauli,45291,0,0,0000-00-00 00:00:00,0000-00-00 00:00:00
45293,Bagang,45291,0,0,0000-00-00 00:00:00,0000-00-00 00:00:00
45294,Balibago,45291,0,0,0000-00-00 00:00:00,0000-00-00 00:00:00
45295,Bebe Anac,45291,0,0,0000-00-00 00:00:00,0000-00-00 00:00:00
45296,Bebe Matua,45291,0,0,0000-00-00 00:00:00,0000-00-00 00:00:00
45297,Bulacus,45291,0,0,0000-00-00 00:00:00,0000-00-00 00:00:00
45298,Cambasi,45291,0,0,0000-00-00 00:00:00,0000-00-00 00:00:00
45299,Malauli,45291,0,0,0000-00-00 00:00:00,0000-00-00 00:00:00
45300,Nigui,45291,0,0,0000-00-00 00:00:00,0000-00-00 00:00:00
45301,Palimpe,45291,0,0,0000-00-00 00:00:00,0000-00-00 00:00:00
45302,Puti,45291,0,0,0000-00-00 00:00:00,0000-00-00 00:00:00
45303,Sagrada (Tibagin),45291,0,0,0000-00-00 00:00:00,0000-00-00 00:00:00
45304,San Agustin,45291,0,0,0000-00-00 00:00:00,0000-00-00 00:00:00
45305,San Isidro Anac,45291,0,0,0000-00-00 00:00:00,0000-00-00 00:00:00
45306,San Isidro Matua (Pob.),45291,0,0,0000-00-00 00:00:00,0000-00-00 00:00:00
45307,San Nicolas (Pob.),45291,0,0,0000-00-00 00:00:00,0000-00-00 00:00:00
45308,San Pedro,45291,0,0,0000-00-00 00:00:00,0000-00-00 00:00:00
45309,Santa Cruz,45291,0,0,0000-00-00 00:00:00,0000-00-00 00:00:00
45310,Santa Lucia Anac (Pob.),45291,0,0,0000-00-00 00:00:00,0000-00-00 00:00:00
45311,Santa Lucia Matua,45291,0,0,0000-00-00 00:00:00,0000-00-00 00:00:00
45312,Santa Lucia Paguiba,45291,0,0,0000-00-00 00:00:00,0000-00-00 00:00:00
45313,Santa Lucia Wakas,45291,0,0,0000-00-00 00:00:00,0000-00-00 00:00:00
45314,Santa Monica (Caingin),45291,0,0,0000-00-00 00:00:00,0000-00-00 00:00:00
45315,Santo Ni¤o,45291,0,0,0000-00-00 00:00:00,0000-00-00 00:00:00
45316,Sapang Kawayan,45291,0,0,0000-00-00 00:00:00,0000-00-00 00:00:00
45317,Sua,45291,0,0,0000-00-00 00:00:00,0000-00-00 00:00:00
45318, Mexico,44997,0,0,0000-00-00 00:00:00,0000-00-00 00:00:00
45319,Acli,45318,0,0,0000-00-00 00:00:00,0000-00-00 00:00:00
45320,Anao,45318,0,0,0000-00-00 00:00:00,0000-00-00 00:00:00
45321,Balas,45318,0,0,0000-00-00 00:00:00,0000-00-00 00:00:00
45322,Buenavista,45318,0,0,0000-00-00 00:00:00,0000-00-00 00:00:00
45323,Camuning,45318,0,0,0000-00-00 00:00:00,0000-00-00 00:00:00
45324,Cawayan,45318,0,0,0000-00-00 00:00:00,0000-00-00 00:00:00
45325,Concepcion,45318,0,0,0000-00-00 00:00:00,0000-00-00 00:00:00
45326,Culubasa,45318,0,0,0000-00-00 00:00:00,0000-00-00 00:00:00
45327,Divisoria,45318,0,0,0000-00-00 00:00:00,0000-00-00 00:00:00
45328,Dolores (Piring),45318,0,0,0000-00-00 00:00:00,0000-00-00 00:00:00
45329,Eden,45318,0,0,0000-00-00 00:00:00,0000-00-00 00:00:00
45330,Gandus,45318,0,0,0000-00-00 00:00:00,0000-00-00 00:00:00
45331,Lagundi,45318,0,0,0000-00-00 00:00:00,0000-00-00 00:00:00
45332,Laput,45318,0,0,0000-00-00 00:00:00,0000-00-00 00:00:00
45333,Laug,45318,0,0,0000-00-00 00:00:00,0000-00-00 00:00:00
45334,Masamat,45318,0,0,0000-00-00 00:00:00,0000-00-00 00:00:00
45335,Masangsang,45318,0,0,0000-00-00 00:00:00,0000-00-00 00:00:00
45336,Nueva Victoria,45318,0,0,0000-00-00 00:00:00,0000-00-00 00:00:00
45337,Pandacaqui,45318,0,0,0000-00-00 00:00:00,0000-00-00 00:00:00
45338,Pangatlan,45318,0,0,0000-00-00 00:00:00,0000-00-00 00:00:00
45339,Panipuan,45318,0,0,0000-00-00 00:00:00,0000-00-00 00:00:00
45340,Parian (Pob.),45318,0,0,0000-00-00 00:00:00,0000-00-00 00:00:00
45341,Sabanilla,45318,0,0,0000-00-00 00:00:00,0000-00-00 00:00:00
45342,San Antonio,45318,0,0,0000-00-00 00:00:00,0000-00-00 00:00:00
45343,San Carlos,45318,0,0,0000-00-00 00:00:00,0000-00-00 00:00:00
45344,San Jose Malino,45318,0,0,0000-00-00 00:00:00,0000-00-00 00:00:00
45345,San Jose Matulid,45318,0,0,0000-00-00 00:00:00,0000-00-00 00:00:00
45346,San Juan,45318,0,0,0000-00-00 00:00:00,0000-00-00 00:00:00
45347,San Lorenzo,45318,0,0,0000-00-00 00:00:00,0000-00-00 00:00:00
45348,San Miguel,45318,0,0,0000-00-00 00:00:00,0000-00-00 00:00:00
45349,San Nicolas,45318,0,0,0000-00-00 00:00:00,0000-00-00 00:00:00
45350,San Pablo,45318,0,0,0000-00-00 00:00:00,0000-00-00 00:00:00
45351,San Patricio,45318,0,0,0000-00-00 00:00:00,0000-00-00 00:00:00
45352,San Rafael,45318,0,0,0000-00-00 00:00:00,0000-00-00 00:00:00
45353,San Roque,45318,0,0,0000-00-00 00:00:00,0000-00-00 00:00:00
45354,San Vicente,45318,0,0,0000-00-00 00:00:00,0000-00-00 00:00:00
45355,Santa Cruz,45318,0,0,0000-00-00 00:00:00,0000-00-00 00:00:00
45356,Santa Maria,45318,0,0,0000-00-00 00:00:00,0000-00-00 00:00:00
45357,Santo Domingo,45318,0,0,0000-00-00 00:00:00,0000-00-00 00:00:00
45358,Santo Rosario,45318,0,0,0000-00-00 00:00:00,0000-00-00 00:00:00
45359,Sapang Maisac,45318,0,0,0000-00-00 00:00:00,0000-00-00 00:00:00
45360,Suclaban,45318,0,0,0000-00-00 00:00:00,0000-00-00 00:00:00
45361, Minalin,44997,0,0,0000-00-00 00:00:00,0000-00-00 00:00:00
45362,Bulac,45361,0,0,0000-00-00 00:00:00,0000-00-00 00:00:00
45363,Dawe,45361,0,0,0000-00-00 00:00:00,0000-00-00 00:00:00
45364,Lourdes,45361,0,0,0000-00-00 00:00:00,0000-00-00 00:00:00
45365,Maniango,45361,0,0,0000-00-00 00:00:00,0000-00-00 00:00:00
45366,San Francisco 1st,45361,0,0,0000-00-00 00:00:00,0000-00-00 00:00:00
45367,San Francisco 2nd,45361,0,0,0000-00-00 00:00:00,0000-00-00 00:00:00
45368,San Isidro,45361,0,0,0000-00-00 00:00:00,0000-00-00 00:00:00
45369,San Nicolas (Pob.),45361,0,0,0000-00-00 00:00:00,0000-00-00 00:00:00
45370,San Pedro,45361,0,0,0000-00-00 00:00:00,0000-00-00 00:00:00
45371,Santa Catalina,45361,0,0,0000-00-00 00:00:00,0000-00-00 00:00:00
45372,Santa Maria,45361,0,0,0000-00-00 00:00:00,0000-00-00 00:00:00
45373,Santa Rita,45361,0,0,0000-00-00 00:00:00,0000-00-00 00:00:00
45374,Santo Domingo,45361,0,0,0000-00-00 00:00:00,0000-00-00 00:00:00
45375,Santo Rosario (Pob.),45361,0,0,0000-00-00 00:00:00,0000-00-00 00:00:00
45376,Saplad,45361,0,0,0000-00-00 00:00:00,0000-00-00 00:00:00
45377, Porac,44997,0,0,0000-00-00 00:00:00,0000-00-00 00:00:00
45378,Babo Pangulo,45377,0,0,0000-00-00 00:00:00,0000-00-00 00:00:00
45379,Babo Sacan,45377,0,0,0000-00-00 00:00:00,0000-00-00 00:00:00
45380,Balubad,45377,0,0,0000-00-00 00:00:00,0000-00-00 00:00:00
45381,Calzadang Bayu,45377,0,0,0000-00-00 00:00:00,0000-00-00 00:00:00
45382,Camias,45377,0,0,0000-00-00 00:00:00,0000-00-00 00:00:00
45383,Cangatba,45377,0,0,0000-00-00 00:00:00,0000-00-00 00:00:00
45384,Diaz,45377,0,0,0000-00-00 00:00:00,0000-00-00 00:00:00
45385,Dolores (Hacienda Dolores),45377,0,0,0000-00-00 00:00:00,0000-00-00 00:00:00
45386,Inararo (Aetas),45377,0,0,0000-00-00 00:00:00,0000-00-00 00:00:00
45387,Jalung,45377,0,0,0000-00-00 00:00:00,0000-00-00 00:00:00
45388,Mancatian,45377,0,0,0000-00-00 00:00:00,0000-00-00 00:00:00
45389,Manibaug Libutad,45377,0,0,0000-00-00 00:00:00,0000-00-00 00:00:00
45390,Manibaug Paralaya,45377,0,0,0000-00-00 00:00:00,0000-00-00 00:00:00
45391,Manibaug Pasig,45377,0,0,0000-00-00 00:00:00,0000-00-00 00:00:00
45392,Manuali,45377,0,0,0000-00-00 00:00:00,0000-00-00 00:00:00
45393,Mitla Proper,45377,0,0,0000-00-00 00:00:00,0000-00-00 00:00:00
45394,Palat,45377,0,0,0000-00-00 00:00:00,0000-00-00 00:00:00
45395,Pias,45377,0,0,0000-00-00 00:00:00,0000-00-00 00:00:00
45396,Pio,45377,0,0,0000-00-00 00:00:00,0000-00-00 00:00:00
45397,Planas,45377,0,0,0000-00-00 00:00:00,0000-00-00 00:00:00
45398,Poblacion,45377,0,0,0000-00-00 00:00:00,0000-00-00 00:00:00
45399,Pulong Santol,45377,0,0,0000-00-00 00:00:00,0000-00-00 00:00:00
45400,Salu,45377,0,0,0000-00-00 00:00:00,0000-00-00 00:00:00
45401,San Jose Mitla,45377,0,0,0000-00-00 00:00:00,0000-00-00 00:00:00
45402,Santa Cruz,45377,0,0,0000-00-00 00:00:00,0000-00-00 00:00:00
45403,Sapang Uwak (Aetas),45377,0,0,0000-00-00 00:00:00,0000-00-00 00:00:00
45404,Sepung Bulaun,45377,0,0,0000-00-00 00:00:00,0000-00-00 00:00:00
45405,Sinura,45377,0,0,0000-00-00 00:00:00,0000-00-00 00:00:00
45406,Villa Maria (Aetas),45377,0,0,0000-00-00 00:00:00,0000-00-00 00:00:00
45407, San Fernando,44997,0,0,0000-00-00 00:00:00,0000-00-00 00:00:00
45408,Alasas,45407,0,0,0000-00-00 00:00:00,0000-00-00 00:00:00
45409,Baliti,45407,0,0,0000-00-00 00:00:00,0000-00-00 00:00:00
45410,Bulaon,45407,0,0,0000-00-00 00:00:00,0000-00-00 00:00:00
45411,Calulut,45407,0,0,0000-00-00 00:00:00,0000-00-00 00:00:00
45412,Del Carmen,45407,0,0,0000-00-00 00:00:00,0000-00-00 00:00:00
45413,Del Pilar,45407,0,0,0000-00-00 00:00:00,0000-00-00 00:00:00
45414,Del Rosario,45407,0,0,0000-00-00 00:00:00,0000-00-00 00:00:00
45415,Dela Paz Norte,45407,0,0,0000-00-00 00:00:00,0000-00-00 00:00:00
45416,Dela Paz Sur,45407,0,0,0000-00-00 00:00:00,0000-00-00 00:00:00
45417,Dolores,45407,0,0,0000-00-00 00:00:00,0000-00-00 00:00:00
45418,Juliana,45407,0,0,0000-00-00 00:00:00,0000-00-00 00:00:00
45419,Lara,45407,0,0,0000-00-00 00:00:00,0000-00-00 00:00:00
45420,Lourdes,45407,0,0,0000-00-00 00:00:00,0000-00-00 00:00:00
45421,Magliman,45407,0,0,0000-00-00 00:00:00,0000-00-00 00:00:00
45422,Maimpis,45407,0,0,0000-00-00 00:00:00,0000-00-00 00:00:00
45423,Malino,45407,0,0,0000-00-00 00:00:00,0000-00-00 00:00:00
45424,Malpitic,45407,0,0,0000-00-00 00:00:00,0000-00-00 00:00:00
45425,Pandaras,45407,0,0,0000-00-00 00:00:00,0000-00-00 00:00:00
45426,Panipuan,45407,0,0,0000-00-00 00:00:00,0000-00-00 00:00:00
45427,Pulung Bulu,45407,0,0,0000-00-00 00:00:00,0000-00-00 00:00:00
45428,Quebiauan,45407,0,0,0000-00-00 00:00:00,0000-00-00 00:00:00
45429,Saguin,45407,0,0,0000-00-00 00:00:00,0000-00-00 00:00:00
45430,San Agustin,45407,0,0,0000-00-00 00:00:00,0000-00-00 00:00:00
45431,San Felipe,45407,0,0,0000-00-00 00:00:00,0000-00-00 00:00:00
45432,San Isidro,45407,0,0,0000-00-00 00:00:00,0000-00-00 00:00:00
45433,San Jose,45407,0,0,0000-00-00 00:00:00,0000-00-00 00:00:00
45434,San Juan,45407,0,0,0000-00-00 00:00:00,0000-00-00 00:00:00
45435,San Nicolas,45407,0,0,0000-00-00 00:00:00,0000-00-00 00:00:00
45436,San Pedro,45407,0,0,0000-00-00 00:00:00,0000-00-00 00:00:00
45437,Santa Lucia,45407,0,0,0000-00-00 00:00:00,0000-00-00 00:00:00
45438,Santa Teresita,45407,0,0,0000-00-00 00:00:00,0000-00-00 00:00:00
45439,Santo Ni¤o,45407,0,0,0000-00-00 00:00:00,0000-00-00 00:00:00
45440,Santo Rosario,45407,0,0,0000-00-00 00:00:00,0000-00-00 00:00:00
45441,Sindalan,45407,0,0,0000-00-00 00:00:00,0000-00-00 00:00:00
45442,Telabastagan,45407,0,0,0000-00-00 00:00:00,0000-00-00 00:00:00
45443, San Luis,44997,0,0,0000-00-00 00:00:00,0000-00-00 00:00:00
45444,San Agustin,45443,0,0,0000-00-00 00:00:00,0000-00-00 00:00:00
45445,San Carlos,45443,0,0,0000-00-00 00:00:00,0000-00-00 00:00:00
45446,San Isidro,45443,0,0,0000-00-00 00:00:00,0000-00-00 00:00:00
45447,San Jose,45443,0,0,0000-00-00 00:00:00,0000-00-00 00:00:00
45448,San Juan,45443,0,0,0000-00-00 00:00:00,0000-00-00 00:00:00
45449,San Nicolas,45443,0,0,0000-00-00 00:00:00,0000-00-00 00:00:00
45450,San Roque,45443,0,0,0000-00-00 00:00:00,0000-00-00 00:00:00
45451,San Sebastian,45443,0,0,0000-00-00 00:00:00,0000-00-00 00:00:00
45452,Santa Catalina,45443,0,0,0000-00-00 00:00:00,0000-00-00 00:00:00
45453,Santa Cruz Pambilog,45443,0,0,0000-00-00 00:00:00,0000-00-00 00:00:00
45454,Santa Cruz Poblacion,45443,0,0,0000-00-00 00:00:00,0000-00-00 00:00:00
45455,Santa Lucia,45443,0,0,0000-00-00 00:00:00,0000-00-00 00:00:00
45456,Santa Monica,45443,0,0,0000-00-00 00:00:00,0000-00-00 00:00:00
45457,Santa Rita,45443,0,0,0000-00-00 00:00:00,0000-00-00 00:00:00
45458,Santo Ni¤o,45443,0,0,0000-00-00 00:00:00,0000-00-00 00:00:00
45459,Santo Rosario,45443,0,0,0000-00-00 00:00:00,0000-00-00 00:00:00
45460,Santo Tomas,45443,0,0,0000-00-00 00:00:00,0000-00-00 00:00:00
45461, San Simon,44997,0,0,0000-00-00 00:00:00,0000-00-00 00:00:00
45462,Concepcion,45461,0,0,0000-00-00 00:00:00,0000-00-00 00:00:00
45463,De La Paz,45461,0,0,0000-00-00 00:00:00,0000-00-00 00:00:00
45464,San Agustin,45461,0,0,0000-00-00 00:00:00,0000-00-00 00:00:00
45465,San Isidro,45461,0,0,0000-00-00 00:00:00,0000-00-00 00:00:00
45466,San Jose,45461,0,0,0000-00-00 00:00:00,0000-00-00 00:00:00
45467,San Juan,45461,0,0,0000-00-00 00:00:00,0000-00-00 00:00:00
45468,San Miguel,45461,0,0,0000-00-00 00:00:00,0000-00-00 00:00:00
45469,San Nicolas,45461,0,0,0000-00-00 00:00:00,0000-00-00 00:00:00
45470,San Pablo Libutad,45461,0,0,0000-00-00 00:00:00,0000-00-00 00:00:00
45471,San Pablo Proper,45461,0,0,0000-00-00 00:00:00,0000-00-00 00:00:00
45472,San Pedro,45461,0,0,0000-00-00 00:00:00,0000-00-00 00:00:00
45473,Santa Cruz,45461,0,0,0000-00-00 00:00:00,0000-00-00 00:00:00
45474,Santa Monica,45461,0,0,0000-00-00 00:00:00,0000-00-00 00:00:00
45475,Santo Ni¤o,45461,0,0,0000-00-00 00:00:00,0000-00-00 00:00:00
45476, Santa Ana,44997,0,0,0000-00-00 00:00:00,0000-00-00 00:00:00
45477,San Agustin,45476,0,0,0000-00-00 00:00:00,0000-00-00 00:00:00
45478,San Bartolome,45476,0,0,0000-00-00 00:00:00,0000-00-00 00:00:00
45479,San Isidro,45476,0,0,0000-00-00 00:00:00,0000-00-00 00:00:00
45480,San Joaquin,45476,0,0,0000-00-00 00:00:00,0000-00-00 00:00:00
45481,San Jose,45476,0,0,0000-00-00 00:00:00,0000-00-00 00:00:00
45482,San Juan,45476,0,0,0000-00-00 00:00:00,0000-00-00 00:00:00
45483,San Nicolas,45476,0,0,0000-00-00 00:00:00,0000-00-00 00:00:00
45484,San Pablo,45476,0,0,0000-00-00 00:00:00,0000-00-00 00:00:00
45485,San Pedro,45476,0,0,0000-00-00 00:00:00,0000-00-00 00:00:00
45486,San Roque,45476,0,0,0000-00-00 00:00:00,0000-00-00 00:00:00
45487,Santa Lucia,45476,0,0,0000-00-00 00:00:00,0000-00-00 00:00:00
45488,Santa Maria,45476,0,0,0000-00-00 00:00:00,0000-00-00 00:00:00
45489,Santiago,45476,0,0,0000-00-00 00:00:00,0000-00-00 00:00:00
45490,Santo Rosario,45476,0,0,0000-00-00 00:00:00,0000-00-00 00:00:00
45491, Santa Rita,44997,0,0,0000-00-00 00:00:00,0000-00-00 00:00:00
45492,Becuran,45491,0,0,0000-00-00 00:00:00,0000-00-00 00:00:00
45493,Dila-dila,45491,0,0,0000-00-00 00:00:00,0000-00-00 00:00:00
45494,San Agustin,45491,0,0,0000-00-00 00:00:00,0000-00-00 00:00:00
45495,San Basilio,45491,0,0,0000-00-00 00:00:00,0000-00-00 00:00:00
45496,San Isidro,45491,0,0,0000-00-00 00:00:00,0000-00-00 00:00:00
45497,San Jose,45491,0,0,0000-00-00 00:00:00,0000-00-00 00:00:00
45498,San Juan,45491,0,0,0000-00-00 00:00:00,0000-00-00 00:00:00
45499,San Matias,45491,0,0,0000-00-00 00:00:00,0000-00-00 00:00:00
45500,San Vicente,45491,0,0,0000-00-00 00:00:00,0000-00-00 00:00:00
45501,Santa Monica,45491,0,0,0000-00-00 00:00:00,0000-00-00 00:00:00
45502, Santo Tomas,44997,0,0,0000-00-00 00:00:00,0000-00-00 00:00:00
45503,Moras De La Paz,45502,0,0,0000-00-00 00:00:00,0000-00-00 00:00:00
45504,Poblacion,45502,0,0,0000-00-00 00:00:00,0000-00-00 00:00:00
45505,San Bartolome,45502,0,0,0000-00-00 00:00:00,0000-00-00 00:00:00
45506,San Matias,45502,0,0,0000-00-00 00:00:00,0000-00-00 00:00:00
45507,San Vicente,45502,0,0,0000-00-00 00:00:00,0000-00-00 00:00:00
45508,Santo Rosario,45502,0,0,0000-00-00 00:00:00,0000-00-00 00:00:00
45509,Sapa,45502,0,0,0000-00-00 00:00:00,0000-00-00 00:00:00
45510, Sasmuan,44997,0,0,0000-00-00 00:00:00,0000-00-00 00:00:00
45511,Batang 1st,45510,0,0,0000-00-00 00:00:00,0000-00-00 00:00:00
45512,Batang 2nd,45510,0,0,0000-00-00 00:00:00,0000-00-00 00:00:00
45513,Mabuanbuan,45510,0,0,0000-00-00 00:00:00,0000-00-00 00:00:00
45514,Malusac,45510,0,0,0000-00-00 00:00:00,0000-00-00 00:00:00
45515,Sabitanan,45510,0,0,0000-00-00 00:00:00,0000-00-00 00:00:00
45516,San Antonio,45510,0,0,0000-00-00 00:00:00,0000-00-00 00:00:00
45517,San Nicolas 1st,45510,0,0,0000-00-00 00:00:00,0000-00-00 00:00:00
45518,San Nicolas 2nd,45510,0,0,0000-00-00 00:00:00,0000-00-00 00:00:00
45519,San Pedro,45510,0,0,0000-00-00 00:00:00,0000-00-00 00:00:00
45520,Santa Lucia,45510,0,0,0000-00-00 00:00:00,0000-00-00 00:00:00
45521,Santa Monica,45510,0,0,0000-00-00 00:00:00,0000-00-00 00:00:00
45522,Santo Tomas,45510,0,0,0000-00-00 00:00:00,0000-00-00 00:00:00
45523, Candaba,44997,0,0,0000-00-00 00:00:00,0000-00-00 00:00:00
45524,Vizal Santo Cristo,45523,0,0,0000-00-00 00:00:00,0000-00-00 00:00:00
45525,Vizal Santo Ni¤o,45523,0,0,0000-00-00 00:00:00,0000-00-00 00:00:00
