INSERT INTO `tbl_customer` (`customer_id`, `shop_id`, `country_id`, `title_name`, `first_name`, `middle_name`, `last_name`, `suffix_name`, `email`, `password`, `company`, `b_day`, `profile`, `IsWalkin`, `created_date`, `archived`, `ismlm`, `mlm_username`, `tin_number`, `is_corporate`, `approved`, `customer_gender`, `customer_full_address`, `temporary`) VALUES
(832,	5,	420,	'',	'Alva Marie',	'Camacho',	'Conti',	'',	'sharmz_07@yahoo.com',	'eyJpdiI6ImFcL2wwT0NGK2s3M3FnT3djRDBMVW9nPT0iLCJ2YWx1ZSI6Im5ZcWRlNG9YMHpWOG1PaGtkN0ZSSFE9PSIsIm1hYyI6IjI0NmUwY2RlYjk1MmQ1ZWI5ZmZlMjNjMDE2MDdhMTVkZGIzMWU2ZGI4NDY2ZjVlMmE5ODBlZDc1MTk2MGJlYTcifQ==',	'',	'1982-10-01',	NULL,	0,	NULL,	0,	0,	'alvama.con',	'228-176-780',	0,	1,	'Female',	'Zamboanga City Water District, Pilar Street, Zamboanga City',	'a:4:{s:5:\"email\";s:19:\"sharmz_07@yahoo.com\";s:8:\"password\";s:192:\"eyJpdiI6ImFcL2wwT0NGK2s3M3FnT3djRDBMVW9nPT0iLCJ2YWx1ZSI6Im5ZcWRlNG9YMHpWOG1PaGtkN0ZSSFE9PSIsIm1hYyI6IjI0NmUwY2RlYjk1MmQ1ZWI5ZmZlMjNjMDE2MDdhMTVkZGIzMWU2ZGI4NDY2ZjVlMmE5ODBlZDc1MTk2MGJlYTcifQ==\";s:12:\"mlm_username\";s:10:\"alvama.con\";s:10:\"tin_number\";s:11:\"228-176-780\";}'),
(830,	5,	420,	'',	'Marie Cris ',	'Sumampong',	'Maxilom',	'',	'',	'eyJpdiI6IldFNXZDT0oxSm5PYXdlaHFoVElcL0tBPT0iLCJ2YWx1ZSI6InhJaUlCakFMTW5BV3haMVRzbTl0dHc9PSIsIm1hYyI6ImQwZWJkNmUwNDhlYTgzM2MyZTA1YWEzY2E0YWZlZTI2MDE0OTYxNWY1MzVkNDYzNzgxYjRhYTJiOTc0M2E2ZjQifQ==',	'',	'1986-05-29',	NULL,	0,	NULL,	0,	0,	'',	'',	0,	1,	'Female',	'Unit 106 GF Bldg 9 Sapari Condominium San Andres Bukid\r\nOsmena Highway Santa Ana Manila',	'a:4:{s:5:\"email\";s:25:\"marryandme.mail@gmail.com\";s:8:\"password\";s:192:\"eyJpdiI6IkcwNEpwTTF2bFwvdUVMWUJkTmZvMnZRPT0iLCJ2YWx1ZSI6IlE4eDN3Tng5WGNTcG5UZmJjZ2o4bWc9PSIsIm1hYyI6Ijg1YzEwYWZhNDQzZjQ5ODYwODZkZDdhMTBlMzc0ZDMxM2RlMzVkMzA4ZjlkYzY4MWIyYTEyYmMyNmZjMWIzZmMifQ==\";s:12:\"mlm_username\";s:10:\"mariec.max\";s:10:\"tin_number\";s:9:\"462876055\";}'),
(831,	5,	420,	'',	'Marie Cris ',	'Sumampong',	'Maxilom',	'',	'',	'eyJpdiI6IndFYUZpOW52c1wvTm5KMUVCR09qcGhnPT0iLCJ2YWx1ZSI6ImZNQWd6VGtLbkRCeFlsbEtIeUpZN2c9PSIsIm1hYyI6ImIyOWYxYjBmZWFiM2NjODkzMDBiZjZkMDQzZjdhMWRmMjVmMGNlYWZjNWRiODI1OGIwMTI2YjA4NGFmYzgxYzEifQ==',	'',	'1986-05-29',	NULL,	0,	NULL,	0,	0,	'',	'',	0,	1,	'Female',	'Unit 106 GF Bldg 9 Sapari Condominium San Andres Bukid\r\nOsmena Highway Santa Ana Manila',	'a:4:{s:5:\"email\";s:25:\"marryandme.mail@gmail.com\";s:8:\"password\";s:192:\"eyJpdiI6ImdCSGd5UG1hZDl1NVwvWG40a2pSVHVBPT0iLCJ2YWx1ZSI6InZKZGNJZFwvR2tReDlMUmlBS21jd0xBPT0iLCJtYWMiOiJkZWMyZDA3ZjdlOWQ5MGU2OGY1MjI3YjBmYjgwMDEyOWY3ODlmYTA1ZjUxMzZlYTdjZWUwZWM1ZTM5NDQ5NWFkIn0=\";s:12:\"mlm_username\";s:10:\"mariec.max\";s:10:\"tin_number\";s:9:\"462876055\";}');

INSERT INTO `tbl_customer_address` ( `customer_id`, `country_id`, `customer_state`, `customer_city`, `customer_zipcode`, `customer_street`, `purpose`, `archived`) VALUES
(	832,	420,	'Zamboanga del Sur',	'Zamboanga City',	'Zone IV',	'Alva Marie Contic/o Sharmaine May TanZamboanga City Water District, Pilar StreetZamboanga City',	'billing',	0),
(	832,	420,	'Zamboanga del Sur',	'Zamboanga City',	'Zone IV',	'Alva Marie Contic/o Sharmaine May TanZamboanga City Water District, Pilar StreetZamboanga City',	'billing',	0),
(	830,	420,	'Metro Manila',	'Manila City',	'Santa Ana',	'Unit 106 GF Bldg 9 Sapari Condominium San Andres Bukid\r\nOsmena Highway',	'shipping',	0),
(	830,	420,	'Metro Manila',	'Manila City',	'Santa Ana',	'Unit 106 GF Bldg 9 Sapari Condominium San Andres Bukid\r\nOsmena Highway',	'billing',	0),
(	831,	420,	'Metro Manila',	'Manila City',	'Santa Ana',	'Unit 106 GF Bldg 9 Sapari Condominium San Andres Bukid\r\nOsmena Highway',	'shipping',	0),
(	831,	420,	'Metro Manila',	'Manila City',	'Santa Ana',	'Unit 106 GF Bldg 9 Sapari Condominium San Andres Bukid\r\nOsmena Highway',	'billing',	0);

INSERT INTO `tbl_customer_other_info` ( `customer_id`, `customer_phone`, `customer_mobile`, `customer_fax`, `customer_other_contact`, `customer_website`, `customer_display_name`, `customer_print_name`, `IsSubCustomer`, `customer_parent`, `customer_billing`, `customer_tax_resale_no`, `customer_payment_method`, `customer_delivery_method`, `customer_terms`, `customer_opening_balance`, `customer_balance_date`, `customer_notes`) VALUES
(	832,	'',	'09177731681',	'',	'',	'',	'',	'',	0,	0,	'',	NULL,	0,	0,	0,	0.00,	'2017-07-07 11:25:20',	''),
(	830,	'',	'09998694929',	'',	'',	'',	'',	'',	0,	0,	'',	NULL,	0,	0,	0,	0.00,	'2017-07-07 11:25:20',	''),
(	831,	'',	'09998694929',	'',	'',	'',	'',	'',	0,	0,	'',	NULL,	0,	0,	0,	0.00,	'2017-07-07 11:25:20',	'');

INSERT INTO `tbl_ec_order` (`ec_order_id`, `customer_id`, `customer_email`, `billing_address`, `invoice_date`, `due_date`, `invoice_message`, `statement_memo`, `subtotal`, `ewt`, `discount_amount_from_product`, `discount_amount`, `discount_type`, `discount_coupon_amount`, `discount_coupon_type`, `total`, `tax`, `coupon_id`, `term_id`, `shop_id`, `created_date`, `archived`, `payment_method_id`, `order_status`, `payment_status`, `ec_order_load`, `ec_order_load_number`, `payment_upload`, `ec_order_slot_id`, `shipping_fee`, `service_fee`, `shipping_group`, `tracking_no`, `invoice_number`, `manual`) VALUES
(809,	832,	'sharmz_07@yahoo.com',	'Alva Marie Conti\r\nc/o Sharmaine May Tan\r\nZamboanga City Water District, Pilar Street\r\nZamboanga City, Lahug (Pob.), Cebu City, Cebu',	'2017-07-07 11:25:20',	'2017-07-07 11:25:20',	'',	'',	9500,	0,	0,	0,	'',	0,	0,	9500,	0,	NULL,	0,	5,	'2017-07-07 11:23:02',	0,	6,	'Processing',	1,	0,	'0',	'',	NULL,	0,	0,	NULL,	'',	NULL,	0),
(807,	830,	'marryandme.mail@gmail.com',	'Unit 106 GF Bldg 9 Sapari Condominium San Andres Bukid\r\nOsmena Highway, Santa Ana, Manila City, Metro Manila',	'2017-07-07 11:25:20',	'2017-07-07 11:25:20',	'',	'',	9500,	0,	0,	0,	'',	0,	0,	9500,	0,	NULL,	0,	5,	'2017-07-07 12:38:42',	0,	6,	'Pending',	0,	0,	'0',	'',	NULL,	0,	0,	NULL,	NULL,	NULL,	0),
(808,	831,	'marryandme.mail@gmail.com',	'Unit 106 GF Bldg 9 Sapari Condominium San Andres Bukid\r\nOsmena Highway, Santa Ana, Manila City, Metro Manila',	'2017-07-07 11:25:20',	'2017-07-07 11:25:20',	'',	'',	9500,	0,	0,	0,	'',	0,	0,	9500,	0,	NULL,	0,	5,	'2017-07-07 12:40:01',	0,	7,	'Pending',	0,	0,	'0',	'',	NULL,	0,	0,	NULL,	NULL,	NULL,	0);



INSERT INTO `tbl_ec_order_item` ( `item_id`, `price`, `quantity`, `subtotal`, `discount_amount`, `discount_type`, `remark`, `total`, `description`, `service_date`, `tax`, `ec_order_id`) VALUES
(	27,	9500,	1,	9500,	0,	0,	'',	9500,	'',	'2017-07-07 11:25:20',	0,	809),
(	28,	0,	1,	0,	0,	0,	'',	0,	'',	'2017-07-07 11:25:20',	0,	809),
(	27,	9500,	1,	9500,	0,	0,	'',	9500,	'',	'2017-07-07 11:25:20',	0,	807),
(	28,	0,	1,	0,	0,	0,	'',	0,	'',	'2017-07-07 11:25:20',	0,	807),
(	27,	9500,	1,	9500,	0,	0,	'',	9500,	'',	'2017-07-07 11:25:20',	0,	808),
(	28,	0,	1,	0,	0,	0,	'',	0,	'',	'2017-07-07 11:25:20',	0,	808);


INSERT INTO `tbl_ec_order_slot` (`order_slot_ec_order_id`, `order_slot_customer_id`, `order_slot_used`, `order_slot_sponsor`, `order_slot_id_c`) VALUES
(	809,	832,	1,	4740,	4759),
(	807,	830,	0,	4346,	0),
(	808,	831,	0,	4346,	0);


INSERT INTO `tbl_mlm_slot` (`slot_id`, `slot_no`, `shop_id`, `slot_owner`, `slot_membership`, `slot_sponsor`, `slot_created_date`, `slot_status`, `slot_rank`, `slot_placement`, `slot_position`, `slot_binary_left`, `slot_binary_right`, `slot_wallet_all`, `slot_wallet_withdraw`, `slot_wallet_current`, `slot_pairs_per_day_date`, `slot_pairs_current`, `slot_pairs_gc`, `slot_personal_points`, `slot_group_points`, `slot_upgrade_points`, `slot_active`, `slot_card_printed`, `slot_nick_name`, `slot_defaul`, `slot_card_issued`, `current_level`, `auto_balance_position`, `slot_matched_membership`, `stairstep_rank`, `upgraded`, `upgrade_from_membership`, `slot_start_status`, `slot_eon`) VALUES
(4759,	'298364',	5,	832,	7,	4740,	'2017-07-07 11:25:12',	'PS',	0,	4740,	'left',	0,	0,	0,	0,	0,	'2017-07-07 03:25:12',	0,	0,	0,	0,	0,	0,	0,	'alvama.con',	1,	'2017-07-07 11:25:12',	0,	286817,	0,	0,	0,	0,	1,	NULL);


INSERT INTO `tbl_mlm_slot_wallet_log` (`wallet_log_id`, `shop_id`, `wallet_log_slot`, `wallet_log_slot_sponsor`, `wallet_log_date_created`, `wallet_log_details`, `wallet_log_amount`, `wallet_log_plan`, `wallet_log_status`, `wallet_log_claimbale_on`, `wallet_log_enable_cash`, `wallet_log_product_repurchase`, `wallet_log_notified`, `encashment_process`, `encashment_process_type`, `wallet_log_remarks`, `encashment_process_taxed`, `wallet_log_membership_filter`, `wallet_log_denied_amount`, `wallet_log_matrix_triangle`, `wallet_log_selected`, `wallet_log_currency`, `wallet_log_currency_convertion`) VALUES
(59724,	5,	4108,	4759,	'2017-07-07 11:25:20',	'Sorry, Your Slot has already reached the max level for matrix. Slot 298364\'s pairing reward will not be added.',	0,	'BINARY_MAX_LEVEL',	'n_ready',	'2017-07-07 11:25:20',	0,	0,	0,	NULL,	0,	NULL,	0,	0,	0,	0,	0,	'PHP',	1),
(59725,	5,	4110,	4759,	'2017-07-07 11:25:21',	'Sorry, Your Slot has already reached the max level for matrix. Slot 298364\'s pairing reward will not be added.',	0,	'BINARY_MAX_LEVEL',	'n_ready',	'2017-07-07 11:25:21',	0,	0,	0,	NULL,	0,	NULL,	0,	0,	0,	0,	0,	'PHP',	1),
(59726,	5,	4113,	4759,	'2017-07-07 11:25:21',	'Sorry, Your Slot has already reached the max level for matrix. Slot 298364\'s pairing reward will not be added.',	0,	'BINARY_MAX_LEVEL',	'n_ready',	'2017-07-07 11:25:21',	0,	0,	0,	NULL,	0,	NULL,	0,	0,	0,	0,	0,	'PHP',	1),
(59727,	5,	4117,	4759,	'2017-07-07 11:25:22',	'Sorry, Your Slot has already reached the max level for matrix. Slot 298364\'s pairing reward will not be added.',	0,	'BINARY_MAX_LEVEL',	'n_ready',	'2017-07-07 11:25:22',	0,	0,	0,	NULL,	0,	NULL,	0,	0,	0,	0,	0,	'PHP',	1),
(59728,	5,	4125,	4759,	'2017-07-07 11:25:22',	'Sorry, Your Slot has already reached the max level for matrix. Slot 298364\'s pairing reward will not be added.',	0,	'BINARY_MAX_LEVEL',	'n_ready',	'2017-07-07 11:25:22',	0,	0,	0,	NULL,	0,	NULL,	0,	0,	0,	0,	0,	'PHP',	1),
(59729,	5,	4141,	4759,	'2017-07-07 11:25:23',	'Sorry, Your Slot has already reached the max level for matrix. Slot 298364\'s pairing reward will not be added.',	0,	'BINARY_MAX_LEVEL',	'n_ready',	'2017-07-07 11:25:23',	0,	0,	0,	NULL,	0,	NULL,	0,	0,	0,	0,	0,	'PHP',	1),
(59730,	5,	4143,	4759,	'2017-07-07 11:25:23',	'Sorry, Your Slot has already reached the max level for matrix. Slot 298364\'s pairing reward will not be added.',	0,	'BINARY_MAX_LEVEL',	'n_ready',	'2017-07-07 11:25:23',	0,	0,	0,	NULL,	0,	NULL,	0,	0,	0,	0,	0,	'PHP',	1),
(59731,	5,	4740,	4759,	'2017-07-07 11:25:24',	'Your slot 469526, earned 500 from Direct Referral Bonus in level 1 of Sponsor Tree. Sponsor : 298364( ALVA MARIE C. CONTI )',	500,	'DIRECT',	'released',	'2017-07-07 11:25:24',	0,	0,	0,	NULL,	0,	NULL,	0,	0,	0,	0,	0,	'PHP',	1);


INSERT INTO `tbl_tree_placement` (`placement_tree_id`, `shop_id`, `placement_tree_parent_id`, `placement_tree_child_id`, `placement_tree_level`, `placement_tree_position`) VALUES
(102122,	5,	4740,	4759,	1,	'left'),
(102123,	5,	4737,	4759,	2,	'left'),
(102124,	5,	4445,	4759,	3,	'left'),
(102125,	5,	4410,	4759,	4,	'right'),
(102126,	5,	4305,	4759,	5,	'right'),
(102127,	5,	4304,	4759,	6,	'left'),
(102128,	5,	4214,	4759,	7,	'left'),
(102129,	5,	4211,	4759,	8,	'left'),
(102130,	5,	4210,	4759,	9,	'left'),
(102131,	5,	4181,	4759,	10,	'left'),
(102132,	5,	4175,	4759,	11,	'left'),
(102133,	5,	4143,	4759,	12,	'right'),
(102134,	5,	4141,	4759,	13,	'right'),
(102135,	5,	4125,	4759,	14,	'left'),
(102136,	5,	4117,	4759,	15,	'left'),
(102137,	5,	4113,	4759,	16,	'left'),
(102138,	5,	4110,	4759,	17,	'left'),
(102139,	5,	4108,	4759,	18,	'right');

INSERT INTO `tbl_tree_sponsor` (`sponsor_tree_id`, `shop_id`, `sponsor_tree_parent_id`, `sponsor_tree_child_id`, `sponsor_tree_level`) VALUES
(29212,	5,	4740,	4759,	1),
(29213,	5,	4445,	4759,	2),
(29214,	5,	4410,	4759,	3),
(29215,	5,	4304,	4759,	4),
(29216,	5,	4210,	4759,	5),
(29217,	5,	4141,	4759,	6),
(29218,	5,	4108,	4759,	7);

INSERT INTO `tbl_paymaya_logs` ( `log_date`, `checkout_id`, `order_id`, `response`, `b_day`, `confirm_response`, `confirm_response_information`, `confirm_response_array`) VALUES
(	'2017-07-07 11:23:06',	'aeeeb837-c67b-4ae9-9814-f966e6b83d97',	809,	'a:3:{i:0;O:31:\"App\\Globals\\PayMaya\\API\\Webhook\":4:{s:2:\"id\";s:36:\"90e812b6-1053-4618-a8b8-87e51ded803b\";s:4:\"name\";s:16:\"CHECKOUT_SUCCESS\";s:11:\"callbackUrl\";s:52:\"https://brown.com.ph/payment/paymaya/webhook/success\";s:43:\"\0App\\Globals\\PayMaya\\API\\Webhook\0apiManager\";O:43:\"App\\Globals\\PayMaya\\Core\\CheckoutAPIManager\":5:{s:57:\"\0App\\Globals\\PayMaya\\Core\\CheckoutAPIManager\0publicApiKey\";s:46:\"pk-dEHXLTcl9jO7T32tyS2fGFjNABbLhUqAfdbpJ1QoOAU\";s:57:\"\0App\\Globals\\PayMaya\\Core\\CheckoutAPIManager\0secretApiKey\";s:46:\"sk-vmpVBbp6v7F5iaqHL4Na9ZLcZTKgGRfML4B5rvtJtmE\";s:56:\"\0App\\Globals\\PayMaya\\Core\\CheckoutAPIManager\0environment\";s:10:\"PRODUCTION\";s:52:\"\0App\\Globals\\PayMaya\\Core\\CheckoutAPIManager\0baseUrl\";s:31:\"https://pg.paymaya.com/checkout\";s:56:\"\0App\\Globals\\PayMaya\\Core\\CheckoutAPIManager\0httpHeaders\";a:1:{s:12:\"Content-Type\";s:16:\"application/json\";}}}i:1;O:31:\"App\\Globals\\PayMaya\\API\\Webhook\":4:{s:2:\"id\";s:36:\"2a5fe19c-6a8f-420e-916b-e2fe192af997\";s:4:\"name\";s:16:\"CHECKOUT_FAILURE\";s:11:\"callbackUrl\";s:60:\"https://brown.com.ph/payment/paymaya/webhook/paymaya/failure\";s:43:\"\0App\\Globals\\PayMaya\\API\\Webhook\0apiManager\";O:43:\"App\\Globals\\PayMaya\\Core\\CheckoutAPIManager\":5:{s:57:\"\0App\\Globals\\PayMaya\\Core\\CheckoutAPIManager\0publicApiKey\";s:46:\"pk-dEHXLTcl9jO7T32tyS2fGFjNABbLhUqAfdbpJ1QoOAU\";s:57:\"\0App\\Globals\\PayMaya\\Core\\CheckoutAPIManager\0secretApiKey\";s:46:\"sk-vmpVBbp6v7F5iaqHL4Na9ZLcZTKgGRfML4B5rvtJtmE\";s:56:\"\0App\\Globals\\PayMaya\\Core\\CheckoutAPIManager\0environment\";s:10:\"PRODUCTION\";s:52:\"\0App\\Globals\\PayMaya\\Core\\CheckoutAPIManager\0baseUrl\";s:31:\"https://pg.paymaya.com/checkout\";s:56:\"\0App\\Globals\\PayMaya\\Core\\CheckoutAPIManager\0httpHeaders\";a:1:{s:12:\"Content-Type\";s:16:\"application/json\";}}}i:2;O:31:\"App\\Globals\\PayMaya\\API\\Webhook\":4:{s:2:\"id\";s:36:\"8100944b-63fe-448b-a51d-0b6a19a3f3ae\";s:4:\"name\";s:16:\"CHECKOUT_DROPOUT\";s:11:\"callbackUrl\";s:59:\"https://brown.com.ph/payment/paymaya/webhook/paymaya/cancel\";s:43:\"\0App\\Globals\\PayMaya\\API\\Webhook\0apiManager\";O:43:\"App\\Globals\\PayMaya\\Core\\CheckoutAPIManager\":5:{s:57:\"\0App\\Globals\\PayMaya\\Core\\CheckoutAPIManager\0publicApiKey\";s:46:\"pk-dEHXLTcl9jO7T32tyS2fGFjNABbLhUqAfdbpJ1QoOAU\";s:57:\"\0App\\Globals\\PayMaya\\Core\\CheckoutAPIManager\0secretApiKey\";s:46:\"sk-vmpVBbp6v7F5iaqHL4Na9ZLcZTKgGRfML4B5rvtJtmE\";s:56:\"\0App\\Globals\\PayMaya\\Core\\CheckoutAPIManager\0environment\";s:10:\"PRODUCTION\";s:52:\"\0App\\Globals\\PayMaya\\Core\\CheckoutAPIManager\0baseUrl\";s:31:\"https://pg.paymaya.com/checkout\";s:56:\"\0App\\Globals\\PayMaya\\Core\\CheckoutAPIManager\0httpHeaders\";a:1:{s:12:\"Content-Type\";s:16:\"application/json\";}}}}',	NULL,	'',	'',	''),
(	'2017-07-07 12:38:47',	'bbcc948e-a7e7-44f2-acef-b379f6a92b5b',	807,	'a:3:{i:0;O:31:\"App\\Globals\\PayMaya\\API\\Webhook\":4:{s:2:\"id\";s:36:\"90e812b6-1053-4618-a8b8-87e51ded803b\";s:4:\"name\";s:16:\"CHECKOUT_SUCCESS\";s:11:\"callbackUrl\";s:52:\"https://brown.com.ph/payment/paymaya/webhook/success\";s:43:\"\0App\\Globals\\PayMaya\\API\\Webhook\0apiManager\";O:43:\"App\\Globals\\PayMaya\\Core\\CheckoutAPIManager\":5:{s:57:\"\0App\\Globals\\PayMaya\\Core\\CheckoutAPIManager\0publicApiKey\";s:46:\"pk-dEHXLTcl9jO7T32tyS2fGFjNABbLhUqAfdbpJ1QoOAU\";s:57:\"\0App\\Globals\\PayMaya\\Core\\CheckoutAPIManager\0secretApiKey\";s:46:\"sk-vmpVBbp6v7F5iaqHL4Na9ZLcZTKgGRfML4B5rvtJtmE\";s:56:\"\0App\\Globals\\PayMaya\\Core\\CheckoutAPIManager\0environment\";s:10:\"PRODUCTION\";s:52:\"\0App\\Globals\\PayMaya\\Core\\CheckoutAPIManager\0baseUrl\";s:31:\"https://pg.paymaya.com/checkout\";s:56:\"\0App\\Globals\\PayMaya\\Core\\CheckoutAPIManager\0httpHeaders\";a:1:{s:12:\"Content-Type\";s:16:\"application/json\";}}}i:1;O:31:\"App\\Globals\\PayMaya\\API\\Webhook\":4:{s:2:\"id\";s:36:\"2a5fe19c-6a8f-420e-916b-e2fe192af997\";s:4:\"name\";s:16:\"CHECKOUT_FAILURE\";s:11:\"callbackUrl\";s:60:\"https://brown.com.ph/payment/paymaya/webhook/paymaya/failure\";s:43:\"\0App\\Globals\\PayMaya\\API\\Webhook\0apiManager\";O:43:\"App\\Globals\\PayMaya\\Core\\CheckoutAPIManager\":5:{s:57:\"\0App\\Globals\\PayMaya\\Core\\CheckoutAPIManager\0publicApiKey\";s:46:\"pk-dEHXLTcl9jO7T32tyS2fGFjNABbLhUqAfdbpJ1QoOAU\";s:57:\"\0App\\Globals\\PayMaya\\Core\\CheckoutAPIManager\0secretApiKey\";s:46:\"sk-vmpVBbp6v7F5iaqHL4Na9ZLcZTKgGRfML4B5rvtJtmE\";s:56:\"\0App\\Globals\\PayMaya\\Core\\CheckoutAPIManager\0environment\";s:10:\"PRODUCTION\";s:52:\"\0App\\Globals\\PayMaya\\Core\\CheckoutAPIManager\0baseUrl\";s:31:\"https://pg.paymaya.com/checkout\";s:56:\"\0App\\Globals\\PayMaya\\Core\\CheckoutAPIManager\0httpHeaders\";a:1:{s:12:\"Content-Type\";s:16:\"application/json\";}}}i:2;O:31:\"App\\Globals\\PayMaya\\API\\Webhook\":4:{s:2:\"id\";s:36:\"8100944b-63fe-448b-a51d-0b6a19a3f3ae\";s:4:\"name\";s:16:\"CHECKOUT_DROPOUT\";s:11:\"callbackUrl\";s:59:\"https://brown.com.ph/payment/paymaya/webhook/paymaya/cancel\";s:43:\"\0App\\Globals\\PayMaya\\API\\Webhook\0apiManager\";O:43:\"App\\Globals\\PayMaya\\Core\\CheckoutAPIManager\":5:{s:57:\"\0App\\Globals\\PayMaya\\Core\\CheckoutAPIManager\0publicApiKey\";s:46:\"pk-dEHXLTcl9jO7T32tyS2fGFjNABbLhUqAfdbpJ1QoOAU\";s:57:\"\0App\\Globals\\PayMaya\\Core\\CheckoutAPIManager\0secretApiKey\";s:46:\"sk-vmpVBbp6v7F5iaqHL4Na9ZLcZTKgGRfML4B5rvtJtmE\";s:56:\"\0App\\Globals\\PayMaya\\Core\\CheckoutAPIManager\0environment\";s:10:\"PRODUCTION\";s:52:\"\0App\\Globals\\PayMaya\\Core\\CheckoutAPIManager\0baseUrl\";s:31:\"https://pg.paymaya.com/checkout\";s:56:\"\0App\\Globals\\PayMaya\\Core\\CheckoutAPIManager\0httpHeaders\";a:1:{s:12:\"Content-Type\";s:16:\"application/json\";}}}}',	NULL,	'',	'',	'');


INSERT INTO `tbl_paymaya_logs_other` ( `log_date`, `order_id`, `response`, `ip_address`) VALUES
(	'2017-07-07 11:25:12',	809,	'a:19:{s:5:\"buyer\";a:6:{s:9:\"firstName\";s:9:\"Sharmaine\";s:10:\"middleName\";s:3:\"---\";s:8:\"lastName\";s:3:\"Gil\";s:7:\"contact\";a:1:{s:5:\"email\";s:19:\"sharmz_07@yahoo.com\";}s:15:\"shippingAddress\";a:4:{s:5:\"line1\";s:3:\"---\";s:4:\"city\";s:3:\"---\";s:5:\"state\";s:3:\"---\";s:11:\"countryCode\";s:2:\"PH\";}s:14:\"billingAddress\";a:6:{s:5:\"line1\";s:29:\"Zamboanga City Water District\";s:4:\"city\";s:14:\"Zamboanga City\";s:11:\"countryCode\";s:2:\"PH\";s:5:\"state\";s:17:\"Zamboanga del Sur\";s:5:\"line2\";s:12:\"Pilar Street\";s:7:\"zipCode\";s:4:\"7000\";}}s:5:\"items\";a:2:{i:0;a:6:{s:4:\"name\";s:7:\"Brown 1\";s:4:\"code\";s:7:\"Brown 1\";s:11:\"description\";s:11:\"Product #27\";s:8:\"quantity\";s:1:\"1\";s:6:\"amount\";a:3:{s:8:\"currency\";s:3:\"PHP\";s:5:\"value\";s:7:\"9500.00\";s:7:\"details\";a:5:{s:8:\"discount\";s:4:\"0.00\";s:13:\"serviceCharge\";s:4:\"0.00\";s:11:\"shippingFee\";s:4:\"0.00\";s:3:\"tax\";s:4:\"0.00\";s:8:\"subtotal\";s:4:\"0.00\";}}s:11:\"totalAmount\";a:3:{s:8:\"currency\";s:3:\"PHP\";s:5:\"value\";s:7:\"9500.00\";s:7:\"details\";a:5:{s:8:\"discount\";s:4:\"0.00\";s:13:\"serviceCharge\";s:4:\"0.00\";s:11:\"shippingFee\";s:4:\"0.00\";s:3:\"tax\";s:4:\"0.00\";s:8:\"subtotal\";s:4:\"0.00\";}}}i:1;a:6:{s:4:\"name\";s:8:\"Eon Card\";s:4:\"code\";s:8:\"Eon Card\";s:11:\"description\";s:11:\"Product #28\";s:8:\"quantity\";s:1:\"1\";s:6:\"amount\";a:3:{s:8:\"currency\";s:3:\"PHP\";s:5:\"value\";s:4:\"0.00\";s:7:\"details\";a:5:{s:8:\"discount\";s:4:\"0.00\";s:13:\"serviceCharge\";s:4:\"0.00\";s:11:\"shippingFee\";s:4:\"0.00\";s:3:\"tax\";s:4:\"0.00\";s:8:\"subtotal\";s:4:\"0.00\";}}s:11:\"totalAmount\";a:3:{s:8:\"currency\";s:3:\"PHP\";s:5:\"value\";s:4:\"0.00\";s:7:\"details\";a:5:{s:8:\"discount\";s:4:\"0.00\";s:13:\"serviceCharge\";s:4:\"0.00\";s:11:\"shippingFee\";s:4:\"0.00\";s:3:\"tax\";s:4:\"0.00\";s:8:\"subtotal\";s:4:\"0.00\";}}}}s:8:\"merchant\";a:9:{s:8:\"currency\";s:3:\"PHP\";s:6:\"locale\";s:2:\"en\";s:4:\"name\";s:38:\"MY SOLID TECHNOLOGIES and DEVICES CORP\";s:5:\"email\";s:25:\"bppayments@myphone.com.ph\";s:11:\"homepageUrl\";s:27:\"http://shop.myphone.com.ph/\";s:24:\"isEmailToMerchantEnabled\";b:1;s:21:\"isEmailToBuyerEnabled\";b:1;s:16:\"isPageCustomized\";b:1;s:16:\"supportedSchemes\";a:2:{i:0;s:4:\"Visa\";i:1;s:10:\"Mastercard\";}}s:8:\"metadata\";N;s:6:\"status\";s:9:\"COMPLETED\";s:2:\"id\";s:36:\"aeeeb837-c67b-4ae9-9814-f966e6b83d97\";s:11:\"totalAmount\";a:3:{s:8:\"currency\";s:3:\"PHP\";s:5:\"value\";s:7:\"9500.00\";s:7:\"details\";a:5:{s:8:\"discount\";s:4:\"0.00\";s:13:\"serviceCharge\";s:4:\"0.00\";s:11:\"shippingFee\";s:4:\"0.00\";s:3:\"tax\";s:4:\"0.00\";s:8:\"subtotal\";s:4:\"0.00\";}}s:22:\"requestReferenceNumber\";s:3:\"806\";s:26:\"transactionReferenceNumber\";s:36:\"511fa72d-cfb4-43c4-b30a-12059d03d9ec\";s:13:\"receiptNumber\";s:12:\"718813188684\";s:9:\"createdAt\";s:24:\"2017-07-07T03:23:06.523Z\";s:9:\"updatedAt\";s:24:\"2017-07-07T03:25:10.461Z\";s:9:\"expiredAt\";s:24:\"2017-07-07T04:23:06.522Z\";s:11:\"paymentType\";s:11:\"CREDIT_CARD\";s:14:\"paymentDetails\";a:5:{s:5:\"last4\";s:4:\"9211\";s:8:\"cardType\";s:4:\"visa\";s:3:\"3ds\";b:1;s:9:\"paymentAt\";s:24:\"2017-07-07T03:25:10.261Z\";s:16:\"maskedCardNumber\";s:10:\"******9211\";}s:13:\"paymentStatus\";s:15:\"PAYMENT_SUCCESS\";s:11:\"redirectUrl\";a:3:{s:7:\"success\";s:256:\"https://brown.com.ph/payment/paymaya/success?order_id=eyJpdiI6Ijg4VVZJaFVlMjVBQ0NlT3JFNFlGelE9PSIsInZhbHVlIjoiMjJ3ZXNnNmNPUmVsK3A4WG8yOU5RZz09IiwibWFjIjoiMjE0ZTcwYjRhMzU1YzI4OTg2Mzc5Y2MwMGEwMmYzNDNkZDM4NmU5ODBlNjE1Mzc0ZmIzNmNiMzE2ODdjNjhhNiJ9&from=register\";s:7:\"failure\";s:242:\"https://brown.com.ph/payment/paymaya/failure?order_id=eyJpdiI6IktxcEp3SE96MXRzTk1JU08zVnYydGc9PSIsInZhbHVlIjoic1Y4UXNYb2JXMUtNbTZFRSsxdjFndz09IiwibWFjIjoiODIyZGNmMTg2MjIxYzhmYWQ3NDU3NWEwYTJlMjQ0NWYwOWJkYTA5MjYyYzAwOGMzOTcwN2NmMTM4NjE0NDE5NCJ9\";s:6:\"cancel\";s:245:\"https://brown.com.ph/payment/paymaya/cancel?order_id=eyJpdiI6InB1aFdsZ2loMDY2TTd3S3Z1U0gyQ1E9PSIsInZhbHVlIjoiQlwvOE5cLzg0QThLWnpLUGNZSit1VmRnPT0iLCJtYWMiOiI1YTc0MWQ2ZGQ0NDJlOGEyODhjNzBhOTc3Y2I2NTNlYjQyZGQwN2EzMDc5YTcwYzVkZGZiMDFmMjIxZDc5NmQwIn0=\";}s:10:\"voidStatus\";s:14:\"NOT_APPLICABLE\";s:16:\"isInternalRecord\";b:0;}',	'52.76.121.68');

INSERT INTO `tbl_dragonpay_logs` ( `log_date`, `response`, `order_id`) VALUES
(	'2017-07-07 12:40:03',	'a:9:{s:10:\"merchantid\";s:7:\"MYPHONE\";s:5:\"txnid\";i:808;s:6:\"amount\";s:7:\"9500.00\";s:3:\"ccy\";s:3:\"PHP\";s:11:\"description\";s:27:\"Product #28 (x1) - PHP 0.00\";s:5:\"email\";s:25:\"marryandme.mail@gmail.com\";s:6:\"digest\";s:40:\"8e80639b94b1609cbc233117d32c93834af6729d\";s:6:\"param1\";s:8:\"register\";s:6:\"param2\";i:808;}',	808);

